path,method,source,operationId,tags,summary,note
/api/admin/audit-log/,GET,openapi,admin_audit_log_list,admin,,
/api/admin/audit-log/{id}/,GET,openapi,admin_audit_log_retrieve,admin,,
/api/admin/konsensus-config/,GET,openapi,admin_konsensus_config_list,admin,,
/api/admin/konsensus-config/,POST,openapi,admin_konsensus_config_create,admin,,
/api/admin/konsensus-config/{id}/,DELETE,openapi,admin_konsensus_config_destroy,admin,,
/api/admin/konsensus-config/{id}/,GET,openapi,admin_konsensus_config_retrieve,admin,,
/api/admin/konsensus-config/{id}/,PATCH,openapi,admin_konsensus_config_partial_update,admin,,
/api/admin/konsensus-config/{id}/,PUT,openapi,admin_konsensus_config_update,admin,,
/api/admin/moderation/,GET,openapi,admin_moderation_list,admin,,
/api/admin/moderation/,POST,openapi,admin_moderation_create,admin,,
/api/admin/moderation/{id}/,DELETE,openapi,admin_moderation_destroy,admin,,
/api/admin/moderation/{id}/,GET,openapi,admin_moderation_retrieve,admin,,
/api/admin/moderation/{id}/,PATCH,openapi,admin_moderation_partial_update,admin,,
/api/admin/moderation/{id}/,PUT,openapi,admin_moderation_update,admin,,
/api/admin/users/,GET,openapi,admin_users_list,admin,,
/api/admin/users/{id}/,GET,openapi,admin_users_retrieve,admin,,
/api/control/health/,GET,openapi,control_health_retrieve,control,,
/api/control/health/deep/,GET,openapi,control_health_deep_retrieve,control,,
/api/control/health/live/,GET,openapi,control_health_live_retrieve,control,,
/api/control/health/ready/,GET,openapi,control_health_ready_retrieve,control,,
/api/control/health/registry/,GET,openapi,control_health_registry_retrieve,control,,
/api/control/seed-packs/,GET,openapi,control_seed_packs_retrieve,control,,
/api/control/universes/,GET,openapi,control_universes_retrieve,control,,
/api/control/universes/,POST,openapi,control_universes_create,control,,
/api/control/universes/{universe_key}/,GET,openapi,control_universes_retrieve_2,control,,
/api/control/universes/{universe_key}/,PATCH,openapi,control_universes_partial_update,control,,
/api/control/universes/{universe_key}/memberships/,GET,openapi,control_universes_memberships_retrieve,control,,
/api/control/universes/{universe_key}/memberships/,POST,openapi,control_universes_memberships_create,control,,
/api/control/universes/{universe_key}/memberships/{membership_id}/,DELETE,openapi,control_universes_memberships_destroy,control,,
/api/control/universes/{universe_key}/publications/,GET,openapi,control_universes_publications_retrieve,control,,
/api/control/universes/{universe_key}/publications/,POST,openapi,control_universes_publications_create,control,,
/api/control/universes/{universe_key}/relations/,GET,openapi,control_universes_relations_retrieve,control,,
/api/control/universes/{universe_key}/relations/,POST,openapi,control_universes_relations_create,control,,
/api/control/universes/{universe_key}/subscriptions/,GET,openapi,control_universes_subscriptions_retrieve,control,,
/api/control/universes/{universe_key}/subscriptions/,POST,openapi,control_universes_subscriptions_create,control,,
/api/control/universes/{universe_key}/worlds/,GET,openapi,control_universes_worlds_retrieve,control,,
/api/control/universes/{universe_key}/worlds/,POST,openapi,control_universes_worlds_create,control,,
/api/control/worlds/,GET,openapi,control_worlds_retrieve,control,,
/api/control/worlds/,POST,openapi,control_worlds_create,control,,
/api/control/worlds/{world_key}/,GET,openapi,control_worlds_retrieve_2,control,,
/api/control/worlds/{world_key}/,PATCH,openapi,control_worlds_partial_update,control,,
/api/control/worlds/{world_key}/archive/,POST,openapi,control_worlds_archive_create,control,,
/api/control/worlds/{world_key}/audit/,GET,openapi,control_worlds_audit_retrieve,control,,
/api/control/worlds/{world_key}/build-jobs/,GET,openapi,control_worlds_build_jobs_retrieve,control,,
/api/control/worlds/{world_key}/build-jobs/{job_id}/,GET,openapi,control_worlds_build_jobs_retrieve_2,control,,
/api/control/worlds/{world_key}/clone/,POST,openapi,control_worlds_clone_create,control,,
/api/control/worlds/{world_key}/memberships/,GET,openapi,control_worlds_memberships_retrieve,control,,
/api/control/worlds/{world_key}/memberships/,POST,openapi,control_worlds_memberships_create,control,,
/api/control/worlds/{world_key}/memberships/{membership_id}/,DELETE,openapi,control_worlds_memberships_destroy,control,,
/api/control/worlds/{world_key}/releases/,GET,openapi,control_worlds_releases_retrieve,control,,
/api/control/worlds/{world_key}/releases/build/,POST,openapi,control_worlds_releases_build_create,control,,
/api/control/worlds/{world_key}/releases/{release_id}/promote/,POST,openapi,control_worlds_releases_promote_create,control,,
/api/control/worlds/{world_key}/releases/{release_id}/purge/,DELETE,openapi,control_worlds_releases_purge_destroy,control,,
/api/control/worlds/{world_key}/restore/,POST,openapi,control_worlds_restore_create,control,,
/api/control/worlds/{world_key}/rollback/,POST,openapi,control_worlds_rollback_create,control,,
/api/control/worlds/{world_key}/snapshots/,GET,openapi,control_worlds_snapshots_retrieve,control,,
/api/control/worlds/{world_key}/snapshots/,POST,openapi,control_worlds_snapshots_create,control,,
/api/control/worlds/{world_key}/snapshots/{snapshot_id}/restore/,POST,openapi,control_worlds_snapshots_restore_create,control,,
/api/deliberate/arguments/,GET,openapi,deliberate_arguments_list,deliberate,,
/api/deliberate/arguments/,POST,openapi,deliberate_arguments_create,deliberate,,
/api/deliberate/arguments/{id}/,DELETE,openapi,deliberate_arguments_destroy,deliberate,,
/api/deliberate/arguments/{id}/,GET,openapi,deliberate_arguments_retrieve,deliberate,,
/api/deliberate/arguments/{id}/,PATCH,openapi,deliberate_arguments_partial_update,deliberate,,
/api/deliberate/arguments/{id}/,PUT,openapi,deliberate_arguments_update,deliberate,,
/api/deliberate/categories/,GET,openapi,deliberate_categories_list,deliberate,,
/api/deliberate/categories/{id}/,GET,openapi,deliberate_categories_retrieve,deliberate,,
/api/deliberate/decision-protocols/,GET,openapi,deliberate_decision_protocols_list,deliberate,,
/api/deliberate/decision-protocols/,POST,openapi,deliberate_decision_protocols_create,deliberate,,
/api/deliberate/decision-protocols/{id}/,DELETE,openapi,deliberate_decision_protocols_destroy,deliberate,,
/api/deliberate/decision-protocols/{id}/,GET,openapi,deliberate_decision_protocols_retrieve,deliberate,,
/api/deliberate/decision-protocols/{id}/,PATCH,openapi,deliberate_decision_protocols_partial_update,deliberate,,
/api/deliberate/decision-protocols/{id}/,PUT,openapi,deliberate_decision_protocols_update,deliberate,,
/api/deliberate/decision-records/,GET,openapi,deliberate_decision_records_list,deliberate,,
/api/deliberate/decision-records/,POST,openapi,deliberate_decision_records_create,deliberate,,
/api/deliberate/decision-records/{id}/,DELETE,openapi,deliberate_decision_records_destroy,deliberate,,
/api/deliberate/decision-records/{id}/,GET,openapi,deliberate_decision_records_retrieve,deliberate,,
/api/deliberate/decision-records/{id}/,PATCH,openapi,deliberate_decision_records_partial_update,deliberate,,
/api/deliberate/decision-records/{id}/,PUT,openapi,deliberate_decision_records_update,deliberate,,
/api/deliberate/decision-records/{id}/execute/,POST,openapi,deliberate_decision_records_execute_create,deliberate,,
/api/deliberate/decision-records/{id}/export/,GET,openapi,deliberate_decision_records_export_retrieve,deliberate,,
/api/deliberate/decision-records/{id}/publish/,POST,openapi,deliberate_decision_records_publish_create,deliberate,,
/api/deliberate/demo-scenarios/import,POST,openapi,deliberate_demo_scenarios_import_create,deliberate,,
/api/deliberate/demo-scenarios/import/,POST,openapi,deliberate_demo_scenarios_import_create_2,deliberate,,
/api/deliberate/demo-scenarios/preview,POST,openapi,deliberate_demo_scenarios_preview_create,deliberate,,
/api/deliberate/demo-scenarios/preview/,POST,openapi,deliberate_demo_scenarios_preview_create_2,deliberate,,
/api/deliberate/demo-scenarios/reset,POST,openapi,deliberate_demo_scenarios_reset_create,deliberate,,
/api/deliberate/demo-scenarios/reset/,POST,openapi,deliberate_demo_scenarios_reset_create_2,deliberate,,
/api/deliberate/elite/arguments/,GET,openapi,deliberate_elite_arguments_list,deliberate,,
/api/deliberate/elite/arguments/,POST,openapi,deliberate_elite_arguments_create,deliberate,,
/api/deliberate/elite/arguments/{id}/,DELETE,openapi,deliberate_elite_arguments_destroy,deliberate,,
/api/deliberate/elite/arguments/{id}/,GET,openapi,deliberate_elite_arguments_retrieve,deliberate,,
/api/deliberate/elite/arguments/{id}/,PATCH,openapi,deliberate_elite_arguments_partial_update,deliberate,,
/api/deliberate/elite/arguments/{id}/,PUT,openapi,deliberate_elite_arguments_update,deliberate,,
/api/deliberate/elite/categories/,GET,openapi,deliberate_elite_categories_list,deliberate,,
/api/deliberate/elite/categories/{id}/,GET,openapi,deliberate_elite_categories_retrieve,deliberate,,
/api/deliberate/elite/decision-protocols/,GET,openapi,deliberate_elite_decision_protocols_list,deliberate,,
/api/deliberate/elite/decision-protocols/,POST,openapi,deliberate_elite_decision_protocols_create,deliberate,,
/api/deliberate/elite/decision-protocols/{id}/,DELETE,openapi,deliberate_elite_decision_protocols_destroy,deliberate,,
/api/deliberate/elite/decision-protocols/{id}/,GET,openapi,deliberate_elite_decision_protocols_retrieve,deliberate,,
/api/deliberate/elite/decision-protocols/{id}/,PATCH,openapi,deliberate_elite_decision_protocols_partial_update,deliberate,,
/api/deliberate/elite/decision-protocols/{id}/,PUT,openapi,deliberate_elite_decision_protocols_update,deliberate,,
/api/deliberate/elite/decision-records/,GET,openapi,deliberate_elite_decision_records_list,deliberate,,
/api/deliberate/elite/decision-records/,POST,openapi,deliberate_elite_decision_records_create,deliberate,,
/api/deliberate/elite/decision-records/{id}/,DELETE,openapi,deliberate_elite_decision_records_destroy,deliberate,,
/api/deliberate/elite/decision-records/{id}/,GET,openapi,deliberate_elite_decision_records_retrieve,deliberate,,
/api/deliberate/elite/decision-records/{id}/,PATCH,openapi,deliberate_elite_decision_records_partial_update,deliberate,,
/api/deliberate/elite/decision-records/{id}/,PUT,openapi,deliberate_elite_decision_records_update,deliberate,,
/api/deliberate/elite/decision-records/{id}/execute/,POST,openapi,deliberate_elite_decision_records_execute_create,deliberate,,
/api/deliberate/elite/decision-records/{id}/export/,GET,openapi,deliberate_elite_decision_records_export_retrieve,deliberate,,
/api/deliberate/elite/decision-records/{id}/publish/,POST,openapi,deliberate_elite_decision_records_publish_create,deliberate,,
/api/deliberate/elite/demo-scenarios/import,POST,openapi,deliberate_elite_demo_scenarios_import_create,deliberate,,
/api/deliberate/elite/demo-scenarios/import/,POST,openapi,deliberate_elite_demo_scenarios_import_create_2,deliberate,,
/api/deliberate/elite/demo-scenarios/preview,POST,openapi,deliberate_elite_demo_scenarios_preview_create,deliberate,,
/api/deliberate/elite/demo-scenarios/preview/,POST,openapi,deliberate_elite_demo_scenarios_preview_create_2,deliberate,,
/api/deliberate/elite/demo-scenarios/reset,POST,openapi,deliberate_elite_demo_scenarios_reset_create,deliberate,,
/api/deliberate/elite/demo-scenarios/reset/,POST,openapi,deliberate_elite_demo_scenarios_reset_create_2,deliberate,,
/api/deliberate/elite/stances/,GET,openapi,deliberate_elite_stances_list,deliberate,,
/api/deliberate/elite/stances/,POST,openapi,deliberate_elite_stances_create,deliberate,,
/api/deliberate/elite/stances/{id}/,DELETE,openapi,deliberate_elite_stances_destroy,deliberate,,
/api/deliberate/elite/stances/{id}/,GET,openapi,deliberate_elite_stances_retrieve,deliberate,,
/api/deliberate/elite/stances/{id}/,PATCH,openapi,deliberate_elite_stances_partial_update,deliberate,,
/api/deliberate/elite/stances/{id}/,PUT,openapi,deliberate_elite_stances_update,deliberate,,
/api/deliberate/elite/topics/,GET,openapi,deliberate_elite_topics_list,deliberate,,
/api/deliberate/elite/topics/,POST,openapi,deliberate_elite_topics_create,deliberate,,
/api/deliberate/elite/topics/{id}/,DELETE,openapi,deliberate_elite_topics_destroy,deliberate,,
/api/deliberate/elite/topics/{id}/,GET,openapi,deliberate_elite_topics_retrieve,deliberate,,
/api/deliberate/elite/topics/{id}/,PATCH,openapi,deliberate_elite_topics_partial_update,deliberate,,
/api/deliberate/elite/topics/{id}/,PUT,openapi,deliberate_elite_topics_update,deliberate,,
/api/deliberate/elite/topics/{id}/preview/,GET,openapi,deliberate_elite_topics_preview_retrieve,deliberate,,
/api/deliberate/stances/,GET,openapi,deliberate_stances_list,deliberate,,
/api/deliberate/stances/,POST,openapi,deliberate_stances_create,deliberate,,
/api/deliberate/stances/{id}/,DELETE,openapi,deliberate_stances_destroy,deliberate,,
/api/deliberate/stances/{id}/,GET,openapi,deliberate_stances_retrieve,deliberate,,
/api/deliberate/stances/{id}/,PATCH,openapi,deliberate_stances_partial_update,deliberate,,
/api/deliberate/stances/{id}/,PUT,openapi,deliberate_stances_update,deliberate,,
/api/deliberate/topics/,GET,openapi,deliberate_topics_list,deliberate,,
/api/deliberate/topics/,POST,openapi,deliberate_topics_create,deliberate,,
/api/deliberate/topics/{id}/,DELETE,openapi,deliberate_topics_destroy,deliberate,,
/api/deliberate/topics/{id}/,GET,openapi,deliberate_topics_retrieve,deliberate,,
/api/deliberate/topics/{id}/,PATCH,openapi,deliberate_topics_partial_update,deliberate,,
/api/deliberate/topics/{id}/,PUT,openapi,deliberate_topics_update,deliberate,,
/api/deliberate/topics/{id}/preview/,GET,openapi,deliberate_topics_preview_retrieve,deliberate,,
/api/docs/,GET,urls,,,,
/api/ethikos/argument-impact-votes/,GET,openapi,ethikos_argument_impact_votes_list,ethikos,,
/api/ethikos/argument-impact-votes/,POST,openapi,ethikos_argument_impact_votes_create,ethikos,,
/api/ethikos/argument-impact-votes/{id}/,DELETE,openapi,ethikos_argument_impact_votes_destroy,ethikos,,
/api/ethikos/argument-impact-votes/{id}/,GET,openapi,ethikos_argument_impact_votes_retrieve,ethikos,,
/api/ethikos/argument-impact-votes/{id}/,PATCH,openapi,ethikos_argument_impact_votes_partial_update,ethikos,,
/api/ethikos/argument-impact-votes/{id}/,PUT,openapi,ethikos_argument_impact_votes_update,ethikos,,
/api/ethikos/argument-sources/,GET,openapi,ethikos_argument_sources_list,ethikos,,
/api/ethikos/argument-sources/,POST,openapi,ethikos_argument_sources_create,ethikos,,
/api/ethikos/argument-sources/{id}/,DELETE,openapi,ethikos_argument_sources_destroy,ethikos,,
/api/ethikos/argument-sources/{id}/,GET,openapi,ethikos_argument_sources_retrieve,ethikos,,
/api/ethikos/argument-sources/{id}/,PATCH,openapi,ethikos_argument_sources_partial_update,ethikos,,
/api/ethikos/argument-sources/{id}/,PUT,openapi,ethikos_argument_sources_update,ethikos,,
/api/ethikos/argument-suggestions/,GET,openapi,ethikos_argument_suggestions_list,ethikos,,
/api/ethikos/argument-suggestions/,POST,openapi,ethikos_argument_suggestions_create,ethikos,,
/api/ethikos/argument-suggestions/{id}/,DELETE,openapi,ethikos_argument_suggestions_destroy,ethikos,,
/api/ethikos/argument-suggestions/{id}/,GET,openapi,ethikos_argument_suggestions_retrieve,ethikos,,
/api/ethikos/argument-suggestions/{id}/,PATCH,openapi,ethikos_argument_suggestions_partial_update,ethikos,,
/api/ethikos/argument-suggestions/{id}/,PUT,openapi,ethikos_argument_suggestions_update,ethikos,,
/api/ethikos/argument-suggestions/{id}/accept/,POST,openapi,ethikos_argument_suggestions_accept_create,ethikos,,
/api/ethikos/argument-suggestions/{id}/reject/,POST,openapi,ethikos_argument_suggestions_reject_create,ethikos,,
/api/ethikos/argument-suggestions/{id}/request-revision/,POST,openapi,ethikos_argument_suggestions_request_revision_create,ethikos,,
/api/ethikos/arguments/,GET,openapi,ethikos_arguments_list,ethikos,,
/api/ethikos/arguments/,POST,openapi,ethikos_arguments_create,ethikos,,
/api/ethikos/arguments/{id}/,DELETE,openapi,ethikos_arguments_destroy,ethikos,,
/api/ethikos/arguments/{id}/,GET,openapi,ethikos_arguments_retrieve,ethikos,,
/api/ethikos/arguments/{id}/,PATCH,openapi,ethikos_arguments_partial_update,ethikos,,
/api/ethikos/arguments/{id}/,PUT,openapi,ethikos_arguments_update,ethikos,,
/api/ethikos/categories/,GET,openapi,ethikos_categories_list,ethikos,,
/api/ethikos/categories/{id}/,GET,openapi,ethikos_categories_retrieve,ethikos,,
/api/ethikos/decision-protocols/,GET,openapi,ethikos_decision_protocols_list,ethikos,,
/api/ethikos/decision-protocols/,POST,openapi,ethikos_decision_protocols_create,ethikos,,
/api/ethikos/decision-protocols/{id}/,DELETE,openapi,ethikos_decision_protocols_destroy,ethikos,,
/api/ethikos/decision-protocols/{id}/,GET,openapi,ethikos_decision_protocols_retrieve,ethikos,,
/api/ethikos/decision-protocols/{id}/,PATCH,openapi,ethikos_decision_protocols_partial_update,ethikos,,
/api/ethikos/decision-protocols/{id}/,PUT,openapi,ethikos_decision_protocols_update,ethikos,,
/api/ethikos/decision-records/,GET,openapi,ethikos_decision_records_list,ethikos,,
/api/ethikos/decision-records/,POST,openapi,ethikos_decision_records_create,ethikos,,
/api/ethikos/decision-records/{id}/,DELETE,openapi,ethikos_decision_records_destroy,ethikos,,
/api/ethikos/decision-records/{id}/,GET,openapi,ethikos_decision_records_retrieve,ethikos,,
/api/ethikos/decision-records/{id}/,PATCH,openapi,ethikos_decision_records_partial_update,ethikos,,
/api/ethikos/decision-records/{id}/,PUT,openapi,ethikos_decision_records_update,ethikos,,
/api/ethikos/decision-records/{id}/execute/,POST,openapi,ethikos_decision_records_execute_create,ethikos,,
/api/ethikos/decision-records/{id}/export/,GET,openapi,ethikos_decision_records_export_retrieve,ethikos,,
/api/ethikos/decision-records/{id}/publish/,POST,openapi,ethikos_decision_records_publish_create,ethikos,,
/api/ethikos/demo-scenarios/import,POST,openapi,ethikos_demo_scenarios_import_create,ethikos,,
/api/ethikos/demo-scenarios/import/,POST,openapi,ethikos_demo_scenarios_import_create_2,ethikos,,
/api/ethikos/demo-scenarios/preview,POST,openapi,ethikos_demo_scenarios_preview_create,ethikos,,
/api/ethikos/demo-scenarios/preview/,POST,openapi,ethikos_demo_scenarios_preview_create_2,ethikos,,
/api/ethikos/demo-scenarios/reset,POST,openapi,ethikos_demo_scenarios_reset_create,ethikos,,
/api/ethikos/demo-scenarios/reset/,POST,openapi,ethikos_demo_scenarios_reset_create_2,ethikos,,
/api/ethikos/discussion-participant-roles/,GET,openapi,ethikos_discussion_participant_roles_list,ethikos,,
/api/ethikos/discussion-participant-roles/,POST,openapi,ethikos_discussion_participant_roles_create,ethikos,,
/api/ethikos/discussion-participant-roles/{id}/,DELETE,openapi,ethikos_discussion_participant_roles_destroy,ethikos,,
/api/ethikos/discussion-participant-roles/{id}/,GET,openapi,ethikos_discussion_participant_roles_retrieve,ethikos,,
/api/ethikos/discussion-participant-roles/{id}/,PATCH,openapi,ethikos_discussion_participant_roles_partial_update,ethikos,,
/api/ethikos/discussion-participant-roles/{id}/,PUT,openapi,ethikos_discussion_participant_roles_update,ethikos,,
/api/ethikos/discussion-visibility-settings/,GET,openapi,ethikos_discussion_visibility_settings_list,ethikos,,
/api/ethikos/discussion-visibility-settings/,POST,openapi,ethikos_discussion_visibility_settings_create,ethikos,,
/api/ethikos/discussion-visibility-settings/{id}/,DELETE,openapi,ethikos_discussion_visibility_settings_destroy,ethikos,,
/api/ethikos/discussion-visibility-settings/{id}/,GET,openapi,ethikos_discussion_visibility_settings_retrieve,ethikos,,
/api/ethikos/discussion-visibility-settings/{id}/,PATCH,openapi,ethikos_discussion_visibility_settings_partial_update,ethikos,,
/api/ethikos/discussion-visibility-settings/{id}/,PUT,openapi,ethikos_discussion_visibility_settings_update,ethikos,,
/api/ethikos/stances/,GET,openapi,ethikos_stances_list,ethikos,,
/api/ethikos/stances/,POST,openapi,ethikos_stances_create,ethikos,,
/api/ethikos/stances/{id}/,DELETE,openapi,ethikos_stances_destroy,ethikos,,
/api/ethikos/stances/{id}/,GET,openapi,ethikos_stances_retrieve,ethikos,,
/api/ethikos/stances/{id}/,PATCH,openapi,ethikos_stances_partial_update,ethikos,,
/api/ethikos/stances/{id}/,PUT,openapi,ethikos_stances_update,ethikos,,
/api/ethikos/topics/,GET,openapi,ethikos_topics_list,ethikos,,
/api/ethikos/topics/,POST,openapi,ethikos_topics_create,ethikos,,
/api/ethikos/topics/{id}/,DELETE,openapi,ethikos_topics_destroy,ethikos,,
/api/ethikos/topics/{id}/,GET,openapi,ethikos_topics_retrieve,ethikos,,
/api/ethikos/topics/{id}/,PATCH,openapi,ethikos_topics_partial_update,ethikos,,
/api/ethikos/topics/{id}/,PUT,openapi,ethikos_topics_update,ethikos,,
/api/ethikos/topics/{id}/preview/,GET,openapi,ethikos_topics_preview_retrieve,ethikos,,
/api/keenkonnect/messages/,GET,openapi,keenkonnect_messages_list,keenkonnect,,
/api/keenkonnect/messages/,POST,openapi,keenkonnect_messages_create,keenkonnect,,
/api/keenkonnect/messages/{id}/,DELETE,openapi,keenkonnect_messages_destroy,keenkonnect,,
/api/keenkonnect/messages/{id}/,GET,openapi,keenkonnect_messages_retrieve,keenkonnect,,
/api/keenkonnect/messages/{id}/,PATCH,openapi,keenkonnect_messages_partial_update,keenkonnect,,
/api/keenkonnect/messages/{id}/,PUT,openapi,keenkonnect_messages_update,keenkonnect,,
/api/keenkonnect/projects/,GET,openapi,keenkonnect_projects_list,keenkonnect,,
/api/keenkonnect/projects/,POST,openapi,keenkonnect_projects_create,keenkonnect,,
/api/keenkonnect/projects/{id}/,DELETE,openapi,keenkonnect_projects_destroy,keenkonnect,,
/api/keenkonnect/projects/{id}/,GET,openapi,keenkonnect_projects_retrieve,keenkonnect,,
/api/keenkonnect/projects/{id}/,PATCH,openapi,keenkonnect_projects_partial_update,keenkonnect,,
/api/keenkonnect/projects/{id}/,PUT,openapi,keenkonnect_projects_update,keenkonnect,,
/api/keenkonnect/ratings/,GET,openapi,keenkonnect_ratings_list,keenkonnect,,
/api/keenkonnect/ratings/,POST,openapi,keenkonnect_ratings_create,keenkonnect,,
/api/keenkonnect/ratings/{id}/,DELETE,openapi,keenkonnect_ratings_destroy,keenkonnect,,
/api/keenkonnect/ratings/{id}/,GET,openapi,keenkonnect_ratings_retrieve,keenkonnect,,
/api/keenkonnect/ratings/{id}/,PATCH,openapi,keenkonnect_ratings_partial_update,keenkonnect,,
/api/keenkonnect/ratings/{id}/,PUT,openapi,keenkonnect_ratings_update,keenkonnect,,
/api/keenkonnect/resources/,GET,openapi,keenkonnect_resources_list,keenkonnect,,
/api/keenkonnect/resources/,POST,openapi,keenkonnect_resources_create,keenkonnect,,
/api/keenkonnect/resources/{id}/,DELETE,openapi,keenkonnect_resources_destroy,keenkonnect,,
/api/keenkonnect/resources/{id}/,GET,openapi,keenkonnect_resources_retrieve,keenkonnect,,
/api/keenkonnect/resources/{id}/,PATCH,openapi,keenkonnect_resources_partial_update,keenkonnect,,
/api/keenkonnect/resources/{id}/,PUT,openapi,keenkonnect_resources_update,keenkonnect,,
/api/keenkonnect/tags/,GET,openapi,keenkonnect_tags_list,keenkonnect,,
/api/keenkonnect/tags/,POST,openapi,keenkonnect_tags_create,keenkonnect,,
/api/keenkonnect/tags/{id}/,DELETE,openapi,keenkonnect_tags_destroy,keenkonnect,,
/api/keenkonnect/tags/{id}/,GET,openapi,keenkonnect_tags_retrieve,keenkonnect,,
/api/keenkonnect/tags/{id}/,PATCH,openapi,keenkonnect_tags_partial_update,keenkonnect,,
/api/keenkonnect/tags/{id}/,PUT,openapi,keenkonnect_tags_update,keenkonnect,,
/api/keenkonnect/tasks/,GET,openapi,keenkonnect_tasks_list,keenkonnect,,
/api/keenkonnect/tasks/,POST,openapi,keenkonnect_tasks_create,keenkonnect,,
/api/keenkonnect/tasks/{id}/,DELETE,openapi,keenkonnect_tasks_destroy,keenkonnect,,
/api/keenkonnect/tasks/{id}/,GET,openapi,keenkonnect_tasks_retrieve,keenkonnect,,
/api/keenkonnect/tasks/{id}/,PATCH,openapi,keenkonnect_tasks_partial_update,keenkonnect,,
/api/keenkonnect/tasks/{id}/,PUT,openapi,keenkonnect_tasks_update,keenkonnect,,
/api/keenkonnect/teams/,GET,openapi,keenkonnect_teams_list,keenkonnect,,
/api/keenkonnect/teams/,POST,openapi,keenkonnect_teams_create,keenkonnect,,
/api/keenkonnect/teams/my-teams/,GET,openapi,keenkonnect_teams_my_teams_retrieve,keenkonnect,,
/api/keenkonnect/teams/{id}/,DELETE,openapi,keenkonnect_teams_destroy,keenkonnect,,
/api/keenkonnect/teams/{id}/,GET,openapi,keenkonnect_teams_retrieve,keenkonnect,,
/api/keenkonnect/teams/{id}/,PATCH,openapi,keenkonnect_teams_partial_update,keenkonnect,,
/api/keenkonnect/teams/{id}/,PUT,openapi,keenkonnect_teams_update,keenkonnect,,
/api/keenkonnect/teams/{id}/leave/,POST,openapi,keenkonnect_teams_leave_create,keenkonnect,,
/api/kollective/vote-results/,GET,openapi,kollective_vote_results_list,kollective,,
/api/kollective/vote-results/{id}/,GET,openapi,kollective_vote_results_retrieve,kollective,,
/api/kollective/votes/,GET,openapi,kollective_votes_list,kollective,,
/api/kollective/votes/,POST,openapi,kollective_votes_create,kollective,,
/api/kollective/votes/{id}/,DELETE,openapi,kollective_votes_destroy,kollective,,
/api/kollective/votes/{id}/,GET,openapi,kollective_votes_retrieve,kollective,,
/api/kollective/votes/{id}/,PATCH,openapi,kollective_votes_partial_update,kollective,,
/api/kollective/votes/{id}/,PUT,openapi,kollective_votes_update,kollective,,
/api/konnected/certifications/evaluations/,GET,openapi,konnected_certifications_evaluations_list,konnected,,
/api/konnected/certifications/evaluations/,POST,openapi,konnected_certifications_evaluations_create,konnected,,
/api/konnected/certifications/evaluations/{id}/,DELETE,openapi,konnected_certifications_evaluations_destroy,konnected,,
/api/konnected/certifications/evaluations/{id}/,GET,openapi,konnected_certifications_evaluations_retrieve,konnected,,
/api/konnected/certifications/evaluations/{id}/,PATCH,openapi,konnected_certifications_evaluations_partial_update,konnected,,
/api/konnected/certifications/evaluations/{id}/,PUT,openapi,konnected_certifications_evaluations_update,konnected,,
/api/konnected/certifications/exam-attempts/,GET,openapi,konnected_certifications_exam_attempts_retrieve,konnected,,
/api/konnected/certifications/exam-attempts/me/,GET,openapi,konnected_certifications_exam_attempts_me_retrieve,konnected,,
/api/konnected/certifications/exam-attempts/{id}/,GET,openapi,konnected_certifications_exam_attempts_retrieve_2,konnected,,
/api/konnected/certifications/exam-attempts/{id}/appeal/,POST,openapi,konnected_certifications_exam_attempts_appeal_create,konnected,,
/api/konnected/certifications/exam-attempts/{id}/retry/,POST,openapi,konnected_certifications_exam_attempts_retry_create,konnected,,
/api/konnected/certifications/paths/,GET,openapi,konnected_certifications_paths_list,konnected,,
/api/konnected/certifications/paths/,POST,openapi,konnected_certifications_paths_create,konnected,,
/api/konnected/certifications/paths/{id}/,DELETE,openapi,konnected_certifications_paths_destroy,konnected,,
/api/konnected/certifications/paths/{id}/,GET,openapi,konnected_certifications_paths_retrieve,konnected,,
/api/konnected/certifications/paths/{id}/,PATCH,openapi,konnected_certifications_paths_partial_update,konnected,,
/api/konnected/certifications/paths/{id}/,PUT,openapi,konnected_certifications_paths_update,konnected,,
/api/konnected/certifications/paths/{id}/eligibility/,GET,openapi,konnected_certifications_paths_eligibility_retrieve,konnected,,
/api/konnected/certifications/paths/{id}/preparation-plan/,GET,openapi,konnected_certifications_paths_preparation_plan_retrieve,konnected,,
/api/konnected/certifications/paths/{id}/sessions/,GET,openapi,konnected_certifications_paths_sessions_retrieve,konnected,,
/api/konnected/certifications/peer-validations/,GET,openapi,konnected_certifications_peer_validations_list,konnected,,
/api/konnected/certifications/peer-validations/,POST,openapi,konnected_certifications_peer_validations_create,konnected,,
/api/konnected/certifications/peer-validations/{id}/,DELETE,openapi,konnected_certifications_peer_validations_destroy,konnected,,
/api/konnected/certifications/peer-validations/{id}/,GET,openapi,konnected_certifications_peer_validations_retrieve,konnected,,
/api/konnected/certifications/peer-validations/{id}/,PATCH,openapi,konnected_certifications_peer_validations_partial_update,konnected,,
/api/konnected/certifications/peer-validations/{id}/,PUT,openapi,konnected_certifications_peer_validations_update,konnected,,
/api/konnected/co-creation-contributions/,GET,openapi,konnected_co_creation_contributions_list,konnected,,
/api/konnected/co-creation-contributions/,POST,openapi,konnected_co_creation_contributions_create,konnected,,
/api/konnected/co-creation-contributions/{id}/,GET,openapi,konnected_co_creation_contributions_retrieve,konnected,,
/api/konnected/co-creation-projects/,GET,openapi,konnected_co_creation_projects_list,konnected,,
/api/konnected/co-creation-projects/{id}/,GET,openapi,konnected_co_creation_projects_retrieve,konnected,,
/api/konnected/forum-posts/,GET,openapi,konnected_forum_posts_list,konnected,,
/api/konnected/forum-posts/,POST,openapi,konnected_forum_posts_create,konnected,,
/api/konnected/forum-posts/{id}/,DELETE,openapi,konnected_forum_posts_destroy,konnected,,
/api/konnected/forum-posts/{id}/,GET,openapi,konnected_forum_posts_retrieve,konnected,,
/api/konnected/forum-posts/{id}/,PATCH,openapi,konnected_forum_posts_partial_update,konnected,,
/api/konnected/forum-posts/{id}/,PUT,openapi,konnected_forum_posts_update,konnected,,
/api/konnected/forum-topics/,GET,openapi,konnected_forum_topics_list,konnected,,
/api/konnected/forum-topics/,POST,openapi,konnected_forum_topics_create,konnected,,
/api/konnected/forum-topics/{id}/,DELETE,openapi,konnected_forum_topics_destroy,konnected,,
/api/konnected/forum-topics/{id}/,GET,openapi,konnected_forum_topics_retrieve,konnected,,
/api/konnected/forum-topics/{id}/,PATCH,openapi,konnected_forum_topics_partial_update,konnected,,
/api/konnected/forum-topics/{id}/,PUT,openapi,konnected_forum_topics_update,konnected,,
/api/konnected/mentors/,GET,openapi,konnected_mentors_list,konnected,,
/api/konnected/mentors/{id}/,GET,openapi,konnected_mentors_retrieve,konnected,,
/api/konnected/mentorship-requests/,GET,openapi,konnected_mentorship_requests_list,konnected,,
/api/konnected/mentorship-requests/,POST,openapi,konnected_mentorship_requests_create,konnected,,
/api/konnected/mentorship-requests/{id}/,GET,openapi,konnected_mentorship_requests_retrieve,konnected,,
/api/konnected/offline-packages/,GET,openapi,konnected_offline_packages_list,konnected,,
/api/konnected/offline-packages/,POST,openapi,konnected_offline_packages_create,konnected,,
/api/konnected/offline-packages/{id}/,DELETE,openapi,konnected_offline_packages_destroy,konnected,,
/api/konnected/offline-packages/{id}/,GET,openapi,konnected_offline_packages_retrieve,konnected,,
/api/konnected/offline-packages/{id}/,PATCH,openapi,konnected_offline_packages_partial_update,konnected,,
/api/konnected/offline-packages/{id}/,PUT,openapi,konnected_offline_packages_update,konnected,,
/api/konnected/offline-packages/{id}/sync/,POST,openapi,konnected_offline_packages_sync_create,konnected,,
/api/konnected/portfolios/,GET,openapi,konnected_portfolios_list,konnected,,
/api/konnected/portfolios/,POST,openapi,konnected_portfolios_create,konnected,,
/api/konnected/portfolios/{id}/,DELETE,openapi,konnected_portfolios_destroy,konnected,,
/api/konnected/portfolios/{id}/,GET,openapi,konnected_portfolios_retrieve,konnected,,
/api/konnected/portfolios/{id}/,PATCH,openapi,konnected_portfolios_partial_update,konnected,,
/api/konnected/portfolios/{id}/,PUT,openapi,konnected_portfolios_update,konnected,,
/api/konnected/progress/,GET,openapi,konnected_progress_list,konnected,,
/api/konnected/progress/,POST,openapi,konnected_progress_create,konnected,,
/api/konnected/progress/{id}/,DELETE,openapi,konnected_progress_destroy,konnected,,
/api/konnected/progress/{id}/,GET,openapi,konnected_progress_retrieve,konnected,,
/api/konnected/progress/{id}/,PATCH,openapi,konnected_progress_partial_update,konnected,,
/api/konnected/progress/{id}/,PUT,openapi,konnected_progress_update,konnected,,
/api/konnected/recommendations/,GET,openapi,konnected_recommendations_list,konnected,,
/api/konnected/recommendations/{id}/,GET,openapi,konnected_recommendations_retrieve,konnected,,
/api/konnected/resources/,GET,openapi,konnected_resources_list,konnected,,
/api/konnected/resources/,POST,openapi,konnected_resources_create,konnected,,
/api/konnected/resources/{id}/,DELETE,openapi,konnected_resources_destroy,konnected,,
/api/konnected/resources/{id}/,GET,openapi,konnected_resources_retrieve,konnected,,
/api/konnected/resources/{id}/,PATCH,openapi,konnected_resources_partial_update,konnected,,
/api/konnected/resources/{id}/,PUT,openapi,konnected_resources_update,konnected,,
/api/kreative/artworks/,GET,openapi,kreative_artworks_list,kreative,,
/api/kreative/artworks/,POST,openapi,kreative_artworks_create,kreative,,
/api/kreative/artworks/{id}/,DELETE,openapi,kreative_artworks_destroy,kreative,,
/api/kreative/artworks/{id}/,GET,openapi,kreative_artworks_retrieve,kreative,,
/api/kreative/artworks/{id}/,PATCH,openapi,kreative_artworks_partial_update,kreative,,
/api/kreative/artworks/{id}/,PUT,openapi,kreative_artworks_update,kreative,,
/api/kreative/collab-sessions/,GET,openapi,kreative_collab_sessions_list,kreative,,
/api/kreative/collab-sessions/,POST,openapi,kreative_collab_sessions_create,kreative,,
/api/kreative/collab-sessions/{id}/,DELETE,openapi,kreative_collab_sessions_destroy,kreative,,
/api/kreative/collab-sessions/{id}/,GET,openapi,kreative_collab_sessions_retrieve,kreative,,
/api/kreative/collab-sessions/{id}/,PATCH,openapi,kreative_collab_sessions_partial_update,kreative,,
/api/kreative/collab-sessions/{id}/,PUT,openapi,kreative_collab_sessions_update,kreative,,
/api/kreative/galleries/,GET,openapi,kreative_galleries_list,kreative,,
/api/kreative/galleries/,POST,openapi,kreative_galleries_create,kreative,,
/api/kreative/galleries/{id}/,DELETE,openapi,kreative_galleries_destroy,kreative,,
/api/kreative/galleries/{id}/,GET,openapi,kreative_galleries_retrieve,kreative,,
/api/kreative/galleries/{id}/,PATCH,openapi,kreative_galleries_partial_update,kreative,,
/api/kreative/galleries/{id}/,PUT,openapi,kreative_galleries_update,kreative,,
/api/kreative/tags/,GET,openapi,kreative_tags_list,kreative,,
/api/kreative/tags/,POST,openapi,kreative_tags_create,kreative,,
/api/kreative/tags/{id}/,DELETE,openapi,kreative_tags_destroy,kreative,,
/api/kreative/tags/{id}/,GET,openapi,kreative_tags_retrieve,kreative,,
/api/kreative/tags/{id}/,PATCH,openapi,kreative_tags_partial_update,kreative,,
/api/kreative/tags/{id}/,PUT,openapi,kreative_tags_update,kreative,,
/api/kreative/traditions/,GET,openapi,kreative_traditions_list,kreative,,
/api/kreative/traditions/,POST,openapi,kreative_traditions_create,kreative,,
/api/kreative/traditions/{id}/,DELETE,openapi,kreative_traditions_destroy,kreative,,
/api/kreative/traditions/{id}/,GET,openapi,kreative_traditions_retrieve,kreative,,
/api/kreative/traditions/{id}/,PATCH,openapi,kreative_traditions_partial_update,kreative,,
/api/kreative/traditions/{id}/,PUT,openapi,kreative_traditions_update,kreative,,
/api/projects/,GET,openapi,projects_list,projects,,
/api/projects/,POST,openapi,projects_create,projects,,
/api/projects/{id}/,DELETE,openapi,projects_destroy,projects,,
/api/projects/{id}/,GET,openapi,projects_retrieve,projects,,
/api/projects/{id}/,PATCH,openapi,projects_partial_update,projects,,
/api/projects/{id}/,PUT,openapi,projects_update,projects,,
/api/reports/perf/,GET,openapi,reports_perf_retrieve,reports,,
/api/reports/smart-vote/,GET,openapi,reports_smart_vote_retrieve,reports,,
/api/reports/usage/,GET,openapi,reports_usage_retrieve,reports,,
/api/schema/,GET,openapi,schema_retrieve,schema,,
/api/teambuilder/problems/,GET,openapi,teambuilder_problems_list,teambuilder,,
/api/teambuilder/problems/,POST,openapi,teambuilder_problems_create,teambuilder,,
/api/teambuilder/problems/{id}/,DELETE,openapi,teambuilder_problems_destroy,teambuilder,,
/api/teambuilder/problems/{id}/,GET,openapi,teambuilder_problems_retrieve,teambuilder,,
/api/teambuilder/problems/{id}/,PATCH,openapi,teambuilder_problems_partial_update,teambuilder,,
/api/teambuilder/problems/{id}/,PUT,openapi,teambuilder_problems_update,teambuilder,,
/api/teambuilder/sessions/,GET,openapi,teambuilder_sessions_list,teambuilder,,
/api/teambuilder/sessions/,POST,openapi,teambuilder_sessions_create,teambuilder,,
/api/teambuilder/sessions/{id}/,DELETE,openapi,teambuilder_sessions_destroy,teambuilder,,
/api/teambuilder/sessions/{id}/,GET,openapi,teambuilder_sessions_retrieve,teambuilder,,
/api/teambuilder/sessions/{id}/,PATCH,openapi,teambuilder_sessions_partial_update,teambuilder,,
/api/teambuilder/sessions/{id}/,PUT,openapi,teambuilder_sessions_update,teambuilder,,
/api/teambuilder/sessions/{id}/generate/,POST,openapi,teambuilder_sessions_generate_create,teambuilder,,
/api/teambuilder/teams/,GET,openapi,teambuilder_teams_list,teambuilder,,
/api/teambuilder/teams/{id}/,GET,openapi,teambuilder_teams_retrieve,teambuilder,,
/api/u/[a-z0-9]/w/[a-z0-9]/admin/konsensus-config/,GET,openapi,u_[a_z0_9]_w_[a_z0_9]_admin_konsensus_config_list,u,,
/api/u/[a-z0-9]/w/[a-z0-9]/admin/konsensus-config/,POST,openapi,u_[a_z0_9]_w_[a_z0_9]_admin_konsensus_config_create,u,,
/api/u/[a-z0-9]/w/[a-z0-9]/admin/konsensus-config/{id}/,DELETE,openapi,u_[a_z0_9]_w_[a_z0_9]_admin_konsensus_config_destroy,u,,
/api/u/[a-z0-9]/w/[a-z0-9]/admin/konsensus-config/{id}/,GET,openapi,u_[a_z0_9]_w_[a_z0_9]_admin_konsensus_config_retrieve,u,,
/api/u/[a-z0-9]/w/[a-z0-9]/admin/konsensus-config/{id}/,PATCH,openapi,u_[a_z0_9]_w_[a_z0_9]_admin_konsensus_config_partial_update,u,,
/api/u/[a-z0-9]/w/[a-z0-9]/admin/konsensus-config/{id}/,PUT,openapi,u_[a_z0_9]_w_[a_z0_9]_admin_konsensus_config_update,u,,
/api/u/[a-z0-9]/w/[a-z0-9]/admin/moderation/,GET,openapi,u_[a_z0_9]_w_[a_z0_9]_admin_moderation_list,u,,
/api/u/[a-z0-9]/w/[a-z0-9]/admin/moderation/,POST,openapi,u_[a_z0_9]_w_[a_z0_9]_admin_moderation_create,u,,
/api/u/[a-z0-9]/w/[a-z0-9]/admin/moderation/{id}/,DELETE,openapi,u_[a_z0_9]_w_[a_z0_9]_admin_moderation_destroy,u,,
/api/u/[a-z0-9]/w/[a-z0-9]/admin/moderation/{id}/,GET,openapi,u_[a_z0_9]_w_[a_z0_9]_admin_moderation_retrieve,u,,
/api/u/[a-z0-9]/w/[a-z0-9]/admin/moderation/{id}/,PATCH,openapi,u_[a_z0_9]_w_[a_z0_9]_admin_moderation_partial_update,u,,
/api/u/[a-z0-9]/w/[a-z0-9]/admin/moderation/{id}/,PUT,openapi,u_[a_z0_9]_w_[a_z0_9]_admin_moderation_update,u,,
/api/u/[a-z0-9]/w/[a-z0-9]/deliberate/arguments/,GET,openapi,u_[a_z0_9]_w_[a_z0_9]_deliberate_arguments_list,u,,
/api/u/[a-z0-9]/w/[a-z0-9]/deliberate/arguments/,POST,openapi,u_[a_z0_9]_w_[a_z0_9]_deliberate_arguments_create,u,,
/api/u/[a-z0-9]/w/[a-z0-9]/deliberate/arguments/{id}/,DELETE,openapi,u_[a_z0_9]_w_[a_z0_9]_deliberate_arguments_destroy,u,,
/api/u/[a-z0-9]/w/[a-z0-9]/deliberate/arguments/{id}/,GET,openapi,u_[a_z0_9]_w_[a_z0_9]_deliberate_arguments_retrieve,u,,
/api/u/[a-z0-9]/w/[a-z0-9]/deliberate/arguments/{id}/,PATCH,openapi,u_[a_z0_9]_w_[a_z0_9]_deliberate_arguments_partial_update,u,,
/api/u/[a-z0-9]/w/[a-z0-9]/deliberate/arguments/{id}/,PUT,openapi,u_[a_z0_9]_w_[a_z0_9]_deliberate_arguments_update,u,,
/api/u/[a-z0-9]/w/[a-z0-9]/deliberate/categories/,GET,openapi,u_[a_z0_9]_w_[a_z0_9]_deliberate_categories_list,u,,
/api/u/[a-z0-9]/w/[a-z0-9]/deliberate/categories/{id}/,GET,openapi,u_[a_z0_9]_w_[a_z0_9]_deliberate_categories_retrieve,u,,
/api/u/[a-z0-9]/w/[a-z0-9]/deliberate/decision-protocols/,GET,openapi,u_[a_z0_9]_w_[a_z0_9]_deliberate_decision_protocols_list,u,,
/api/u/[a-z0-9]/w/[a-z0-9]/deliberate/decision-protocols/,POST,openapi,u_[a_z0_9]_w_[a_z0_9]_deliberate_decision_protocols_create,u,,
/api/u/[a-z0-9]/w/[a-z0-9]/deliberate/decision-protocols/{id}/,DELETE,openapi,u_[a_z0_9]_w_[a_z0_9]_deliberate_decision_protocols_destroy,u,,
/api/u/[a-z0-9]/w/[a-z0-9]/deliberate/decision-protocols/{id}/,GET,openapi,u_[a_z0_9]_w_[a_z0_9]_deliberate_decision_protocols_retrieve,u,,
/api/u/[a-z0-9]/w/[a-z0-9]/deliberate/decision-protocols/{id}/,PATCH,openapi,u_[a_z0_9]_w_[a_z0_9]_deliberate_decision_protocols_partial_update,u,,
/api/u/[a-z0-9]/w/[a-z0-9]/deliberate/decision-protocols/{id}/,PUT,openapi,u_[a_z0_9]_w_[a_z0_9]_deliberate_decision_protocols_update,u,,
/api/u/[a-z0-9]/w/[a-z0-9]/deliberate/decision-records/,GET,openapi,u_[a_z0_9]_w_[a_z0_9]_deliberate_decision_records_list,u,,
/api/u/[a-z0-9]/w/[a-z0-9]/deliberate/decision-records/,POST,openapi,u_[a_z0_9]_w_[a_z0_9]_deliberate_decision_records_create,u,,
/api/u/[a-z0-9]/w/[a-z0-9]/deliberate/decision-records/{id}/,DELETE,openapi,u_[a_z0_9]_w_[a_z0_9]_deliberate_decision_records_destroy,u,,
/api/u/[a-z0-9]/w/[a-z0-9]/deliberate/decision-records/{id}/,GET,openapi,u_[a_z0_9]_w_[a_z0_9]_deliberate_decision_records_retrieve,u,,
/api/u/[a-z0-9]/w/[a-z0-9]/deliberate/decision-records/{id}/,PATCH,openapi,u_[a_z0_9]_w_[a_z0_9]_deliberate_decision_records_partial_update,u,,
/api/u/[a-z0-9]/w/[a-z0-9]/deliberate/decision-records/{id}/,PUT,openapi,u_[a_z0_9]_w_[a_z0_9]_deliberate_decision_records_update,u,,
/api/u/[a-z0-9]/w/[a-z0-9]/deliberate/decision-records/{id}/execute/,POST,openapi,u_[a_z0_9]_w_[a_z0_9]_deliberate_decision_records_execute_create,u,,
/api/u/[a-z0-9]/w/[a-z0-9]/deliberate/decision-records/{id}/export/,GET,openapi,u_[a_z0_9]_w_[a_z0_9]_deliberate_decision_records_export_retrieve,u,,
/api/u/[a-z0-9]/w/[a-z0-9]/deliberate/decision-records/{id}/publish/,POST,openapi,u_[a_z0_9]_w_[a_z0_9]_deliberate_decision_records_publish_create,u,,
/api/u/[a-z0-9]/w/[a-z0-9]/deliberate/demo-scenarios/import,POST,openapi,u_[a_z0_9]_w_[a_z0_9]_deliberate_demo_scenarios_import_create,u,,
/api/u/[a-z0-9]/w/[a-z0-9]/deliberate/demo-scenarios/import/,POST,openapi,u_[a_z0_9]_w_[a_z0_9]_deliberate_demo_scenarios_import_create_2,u,,
/api/u/[a-z0-9]/w/[a-z0-9]/deliberate/demo-scenarios/preview,POST,openapi,u_[a_z0_9]_w_[a_z0_9]_deliberate_demo_scenarios_preview_create,u,,
/api/u/[a-z0-9]/w/[a-z0-9]/deliberate/demo-scenarios/preview/,POST,openapi,u_[a_z0_9]_w_[a_z0_9]_deliberate_demo_scenarios_preview_create_2,u,,
/api/u/[a-z0-9]/w/[a-z0-9]/deliberate/demo-scenarios/reset,POST,openapi,u_[a_z0_9]_w_[a_z0_9]_deliberate_demo_scenarios_reset_create,u,,
/api/u/[a-z0-9]/w/[a-z0-9]/deliberate/demo-scenarios/reset/,POST,openapi,u_[a_z0_9]_w_[a_z0_9]_deliberate_demo_scenarios_reset_create_2,u,,
/api/u/[a-z0-9]/w/[a-z0-9]/deliberate/elite/arguments/,GET,openapi,u_[a_z0_9]_w_[a_z0_9]_deliberate_elite_arguments_list,u,,
/api/u/[a-z0-9]/w/[a-z0-9]/deliberate/elite/arguments/,POST,openapi,u_[a_z0_9]_w_[a_z0_9]_deliberate_elite_arguments_create,u,,
/api/u/[a-z0-9]/w/[a-z0-9]/deliberate/elite/arguments/{id}/,DELETE,openapi,u_[a_z0_9]_w_[a_z0_9]_deliberate_elite_arguments_destroy,u,,
/api/u/[a-z0-9]/w/[a-z0-9]/deliberate/elite/arguments/{id}/,GET,openapi,u_[a_z0_9]_w_[a_z0_9]_deliberate_elite_arguments_retrieve,u,,
/api/u/[a-z0-9]/w/[a-z0-9]/deliberate/elite/arguments/{id}/,PATCH,openapi,u_[a_z0_9]_w_[a_z0_9]_deliberate_elite_arguments_partial_update,u,,
/api/u/[a-z0-9]/w/[a-z0-9]/deliberate/elite/arguments/{id}/,PUT,openapi,u_[a_z0_9]_w_[a_z0_9]_deliberate_elite_arguments_update,u,,
/api/u/[a-z0-9]/w/[a-z0-9]/deliberate/elite/categories/,GET,openapi,u_[a_z0_9]_w_[a_z0_9]_deliberate_elite_categories_list,u,,
/api/u/[a-z0-9]/w/[a-z0-9]/deliberate/elite/categories/{id}/,GET,openapi,u_[a_z0_9]_w_[a_z0_9]_deliberate_elite_categories_retrieve,u,,
/api/u/[a-z0-9]/w/[a-z0-9]/deliberate/elite/decision-protocols/,GET,openapi,u_[a_z0_9]_w_[a_z0_9]_deliberate_elite_decision_protocols_list,u,,
/api/u/[a-z0-9]/w/[a-z0-9]/deliberate/elite/decision-protocols/,POST,openapi,u_[a_z0_9]_w_[a_z0_9]_deliberate_elite_decision_protocols_create,u,,
/api/u/[a-z0-9]/w/[a-z0-9]/deliberate/elite/decision-protocols/{id}/,DELETE,openapi,u_[a_z0_9]_w_[a_z0_9]_deliberate_elite_decision_protocols_destroy,u,,
/api/u/[a-z0-9]/w/[a-z0-9]/deliberate/elite/decision-protocols/{id}/,GET,openapi,u_[a_z0_9]_w_[a_z0_9]_deliberate_elite_decision_protocols_retrieve,u,,
/api/u/[a-z0-9]/w/[a-z0-9]/deliberate/elite/decision-protocols/{id}/,PATCH,openapi,u_[a_z0_9]_w_[a_z0_9]_deliberate_elite_decision_protocols_partial_update,u,,
/api/u/[a-z0-9]/w/[a-z0-9]/deliberate/elite/decision-protocols/{id}/,PUT,openapi,u_[a_z0_9]_w_[a_z0_9]_deliberate_elite_decision_protocols_update,u,,
/api/u/[a-z0-9]/w/[a-z0-9]/deliberate/elite/decision-records/,GET,openapi,u_[a_z0_9]_w_[a_z0_9]_deliberate_elite_decision_records_list,u,,
/api/u/[a-z0-9]/w/[a-z0-9]/deliberate/elite/decision-records/,POST,openapi,u_[a_z0_9]_w_[a_z0_9]_deliberate_elite_decision_records_create,u,,
/api/u/[a-z0-9]/w/[a-z0-9]/deliberate/elite/decision-records/{id}/,DELETE,openapi,u_[a_z0_9]_w_[a_z0_9]_deliberate_elite_decision_records_destroy,u,,
/api/u/[a-z0-9]/w/[a-z0-9]/deliberate/elite/decision-records/{id}/,GET,openapi,u_[a_z0_9]_w_[a_z0_9]_deliberate_elite_decision_records_retrieve,u,,
/api/u/[a-z0-9]/w/[a-z0-9]/deliberate/elite/decision-records/{id}/,PATCH,openapi,u_[a_z0_9]_w_[a_z0_9]_deliberate_elite_decision_records_partial_update,u,,
/api/u/[a-z0-9]/w/[a-z0-9]/deliberate/elite/decision-records/{id}/,PUT,openapi,u_[a_z0_9]_w_[a_z0_9]_deliberate_elite_decision_records_update,u,,
/api/u/[a-z0-9]/w/[a-z0-9]/deliberate/elite/decision-records/{id}/execute/,POST,openapi,u_[a_z0_9]_w_[a_z0_9]_deliberate_elite_decision_records_execute_create,u,,
/api/u/[a-z0-9]/w/[a-z0-9]/deliberate/elite/decision-records/{id}/export/,GET,openapi,u_[a_z0_9]_w_[a_z0_9]_deliberate_elite_decision_records_export_retrieve,u,,
/api/u/[a-z0-9]/w/[a-z0-9]/deliberate/elite/decision-records/{id}/publish/,POST,openapi,u_[a_z0_9]_w_[a_z0_9]_deliberate_elite_decision_records_publish_create,u,,
/api/u/[a-z0-9]/w/[a-z0-9]/deliberate/elite/demo-scenarios/import,POST,openapi,u_[a_z0_9]_w_[a_z0_9]_deliberate_elite_demo_scenarios_import_create,u,,
/api/u/[a-z0-9]/w/[a-z0-9]/deliberate/elite/demo-scenarios/import/,POST,openapi,u_[a_z0_9]_w_[a_z0_9]_deliberate_elite_demo_scenarios_import_create_2,u,,
/api/u/[a-z0-9]/w/[a-z0-9]/deliberate/elite/demo-scenarios/preview,POST,openapi,u_[a_z0_9]_w_[a_z0_9]_deliberate_elite_demo_scenarios_preview_create,u,,
/api/u/[a-z0-9]/w/[a-z0-9]/deliberate/elite/demo-scenarios/preview/,POST,openapi,u_[a_z0_9]_w_[a_z0_9]_deliberate_elite_demo_scenarios_preview_create_2,u,,
/api/u/[a-z0-9]/w/[a-z0-9]/deliberate/elite/demo-scenarios/reset,POST,openapi,u_[a_z0_9]_w_[a_z0_9]_deliberate_elite_demo_scenarios_reset_create,u,,
/api/u/[a-z0-9]/w/[a-z0-9]/deliberate/elite/demo-scenarios/reset/,POST,openapi,u_[a_z0_9]_w_[a_z0_9]_deliberate_elite_demo_scenarios_reset_create_2,u,,
/api/u/[a-z0-9]/w/[a-z0-9]/deliberate/elite/stances/,GET,openapi,u_[a_z0_9]_w_[a_z0_9]_deliberate_elite_stances_list,u,,
/api/u/[a-z0-9]/w/[a-z0-9]/deliberate/elite/stances/,POST,openapi,u_[a_z0_9]_w_[a_z0_9]_deliberate_elite_stances_create,u,,
/api/u/[a-z0-9]/w/[a-z0-9]/deliberate/elite/stances/{id}/,DELETE,openapi,u_[a_z0_9]_w_[a_z0_9]_deliberate_elite_stances_destroy,u,,
/api/u/[a-z0-9]/w/[a-z0-9]/deliberate/elite/stances/{id}/,GET,openapi,u_[a_z0_9]_w_[a_z0_9]_deliberate_elite_stances_retrieve,u,,
/api/u/[a-z0-9]/w/[a-z0-9]/deliberate/elite/stances/{id}/,PATCH,openapi,u_[a_z0_9]_w_[a_z0_9]_deliberate_elite_stances_partial_update,u,,
/api/u/[a-z0-9]/w/[a-z0-9]/deliberate/elite/stances/{id}/,PUT,openapi,u_[a_z0_9]_w_[a_z0_9]_deliberate_elite_stances_update,u,,
/api/u/[a-z0-9]/w/[a-z0-9]/deliberate/elite/topics/,GET,openapi,u_[a_z0_9]_w_[a_z0_9]_deliberate_elite_topics_list,u,,
/api/u/[a-z0-9]/w/[a-z0-9]/deliberate/elite/topics/,POST,openapi,u_[a_z0_9]_w_[a_z0_9]_deliberate_elite_topics_create,u,,
/api/u/[a-z0-9]/w/[a-z0-9]/deliberate/elite/topics/{id}/,DELETE,openapi,u_[a_z0_9]_w_[a_z0_9]_deliberate_elite_topics_destroy,u,,
/api/u/[a-z0-9]/w/[a-z0-9]/deliberate/elite/topics/{id}/,GET,openapi,u_[a_z0_9]_w_[a_z0_9]_deliberate_elite_topics_retrieve,u,,
/api/u/[a-z0-9]/w/[a-z0-9]/deliberate/elite/topics/{id}/,PATCH,openapi,u_[a_z0_9]_w_[a_z0_9]_deliberate_elite_topics_partial_update,u,,
/api/u/[a-z0-9]/w/[a-z0-9]/deliberate/elite/topics/{id}/,PUT,openapi,u_[a_z0_9]_w_[a_z0_9]_deliberate_elite_topics_update,u,,
/api/u/[a-z0-9]/w/[a-z0-9]/deliberate/elite/topics/{id}/preview/,GET,openapi,u_[a_z0_9]_w_[a_z0_9]_deliberate_elite_topics_preview_retrieve,u,,
/api/u/[a-z0-9]/w/[a-z0-9]/deliberate/stances/,GET,openapi,u_[a_z0_9]_w_[a_z0_9]_deliberate_stances_list,u,,
/api/u/[a-z0-9]/w/[a-z0-9]/deliberate/stances/,POST,openapi,u_[a_z0_9]_w_[a_z0_9]_deliberate_stances_create,u,,
/api/u/[a-z0-9]/w/[a-z0-9]/deliberate/stances/{id}/,DELETE,openapi,u_[a_z0_9]_w_[a_z0_9]_deliberate_stances_destroy,u,,
/api/u/[a-z0-9]/w/[a-z0-9]/deliberate/stances/{id}/,GET,openapi,u_[a_z0_9]_w_[a_z0_9]_deliberate_stances_retrieve,u,,
/api/u/[a-z0-9]/w/[a-z0-9]/deliberate/stances/{id}/,PATCH,openapi,u_[a_z0_9]_w_[a_z0_9]_deliberate_stances_partial_update,u,,
/api/u/[a-z0-9]/w/[a-z0-9]/deliberate/stances/{id}/,PUT,openapi,u_[a_z0_9]_w_[a_z0_9]_deliberate_stances_update,u,,
/api/u/[a-z0-9]/w/[a-z0-9]/deliberate/topics/,GET,openapi,u_[a_z0_9]_w_[a_z0_9]_deliberate_topics_list,u,,
/api/u/[a-z0-9]/w/[a-z0-9]/deliberate/topics/,POST,openapi,u_[a_z0_9]_w_[a_z0_9]_deliberate_topics_create,u,,
/api/u/[a-z0-9]/w/[a-z0-9]/deliberate/topics/{id}/,DELETE,openapi,u_[a_z0_9]_w_[a_z0_9]_deliberate_topics_destroy,u,,
/api/u/[a-z0-9]/w/[a-z0-9]/deliberate/topics/{id}/,GET,openapi,u_[a_z0_9]_w_[a_z0_9]_deliberate_topics_retrieve,u,,
/api/u/[a-z0-9]/w/[a-z0-9]/deliberate/topics/{id}/,PATCH,openapi,u_[a_z0_9]_w_[a_z0_9]_deliberate_topics_partial_update,u,,
/api/u/[a-z0-9]/w/[a-z0-9]/deliberate/topics/{id}/,PUT,openapi,u_[a_z0_9]_w_[a_z0_9]_deliberate_topics_update,u,,
/api/u/[a-z0-9]/w/[a-z0-9]/deliberate/topics/{id}/preview/,GET,openapi,u_[a_z0_9]_w_[a_z0_9]_deliberate_topics_preview_retrieve,u,,
/api/u/[a-z0-9]/w/[a-z0-9]/ethikos/argument-impact-votes/,GET,openapi,u_[a_z0_9]_w_[a_z0_9]_ethikos_argument_impact_votes_list,u,,
/api/u/[a-z0-9]/w/[a-z0-9]/ethikos/argument-impact-votes/,POST,openapi,u_[a_z0_9]_w_[a_z0_9]_ethikos_argument_impact_votes_create,u,,
/api/u/[a-z0-9]/w/[a-z0-9]/ethikos/argument-impact-votes/{id}/,DELETE,openapi,u_[a_z0_9]_w_[a_z0_9]_ethikos_argument_impact_votes_destroy,u,,
/api/u/[a-z0-9]/w/[a-z0-9]/ethikos/argument-impact-votes/{id}/,GET,openapi,u_[a_z0_9]_w_[a_z0_9]_ethikos_argument_impact_votes_retrieve,u,,
/api/u/[a-z0-9]/w/[a-z0-9]/ethikos/argument-impact-votes/{id}/,PATCH,openapi,u_[a_z0_9]_w_[a_z0_9]_ethikos_argument_impact_votes_partial_update,u,,
/api/u/[a-z0-9]/w/[a-z0-9]/ethikos/argument-impact-votes/{id}/,PUT,openapi,u_[a_z0_9]_w_[a_z0_9]_ethikos_argument_impact_votes_update,u,,
/api/u/[a-z0-9]/w/[a-z0-9]/ethikos/argument-sources/,GET,openapi,u_[a_z0_9]_w_[a_z0_9]_ethikos_argument_sources_list,u,,
/api/u/[a-z0-9]/w/[a-z0-9]/ethikos/argument-sources/,POST,openapi,u_[a_z0_9]_w_[a_z0_9]_ethikos_argument_sources_create,u,,
/api/u/[a-z0-9]/w/[a-z0-9]/ethikos/argument-sources/{id}/,DELETE,openapi,u_[a_z0_9]_w_[a_z0_9]_ethikos_argument_sources_destroy,u,,
/api/u/[a-z0-9]/w/[a-z0-9]/ethikos/argument-sources/{id}/,GET,openapi,u_[a_z0_9]_w_[a_z0_9]_ethikos_argument_sources_retrieve,u,,
/api/u/[a-z0-9]/w/[a-z0-9]/ethikos/argument-sources/{id}/,PATCH,openapi,u_[a_z0_9]_w_[a_z0_9]_ethikos_argument_sources_partial_update,u,,
/api/u/[a-z0-9]/w/[a-z0-9]/ethikos/argument-sources/{id}/,PUT,openapi,u_[a_z0_9]_w_[a_z0_9]_ethikos_argument_sources_update,u,,
/api/u/[a-z0-9]/w/[a-z0-9]/ethikos/argument-suggestions/,GET,openapi,u_[a_z0_9]_w_[a_z0_9]_ethikos_argument_suggestions_list,u,,
/api/u/[a-z0-9]/w/[a-z0-9]/ethikos/argument-suggestions/,POST,openapi,u_[a_z0_9]_w_[a_z0_9]_ethikos_argument_suggestions_create,u,,
/api/u/[a-z0-9]/w/[a-z0-9]/ethikos/argument-suggestions/{id}/,DELETE,openapi,u_[a_z0_9]_w_[a_z0_9]_ethikos_argument_suggestions_destroy,u,,
/api/u/[a-z0-9]/w/[a-z0-9]/ethikos/argument-suggestions/{id}/,GET,openapi,u_[a_z0_9]_w_[a_z0_9]_ethikos_argument_suggestions_retrieve,u,,
/api/u/[a-z0-9]/w/[a-z0-9]/ethikos/argument-suggestions/{id}/,PATCH,openapi,u_[a_z0_9]_w_[a_z0_9]_ethikos_argument_suggestions_partial_update,u,,
/api/u/[a-z0-9]/w/[a-z0-9]/ethikos/argument-suggestions/{id}/,PUT,openapi,u_[a_z0_9]_w_[a_z0_9]_ethikos_argument_suggestions_update,u,,
/api/u/[a-z0-9]/w/[a-z0-9]/ethikos/argument-suggestions/{id}/accept/,POST,openapi,u_[a_z0_9]_w_[a_z0_9]_ethikos_argument_suggestions_accept_create,u,,
/api/u/[a-z0-9]/w/[a-z0-9]/ethikos/argument-suggestions/{id}/reject/,POST,openapi,u_[a_z0_9]_w_[a_z0_9]_ethikos_argument_suggestions_reject_create,u,,
/api/u/[a-z0-9]/w/[a-z0-9]/ethikos/argument-suggestions/{id}/request-revision/,POST,openapi,u_[a_z0_9]_w_[a_z0_9]_ethikos_argument_suggestions_request_revision_create,u,,
/api/u/[a-z0-9]/w/[a-z0-9]/ethikos/arguments/,GET,openapi,u_[a_z0_9]_w_[a_z0_9]_ethikos_arguments_list,u,,
/api/u/[a-z0-9]/w/[a-z0-9]/ethikos/arguments/,POST,openapi,u_[a_z0_9]_w_[a_z0_9]_ethikos_arguments_create,u,,
/api/u/[a-z0-9]/w/[a-z0-9]/ethikos/arguments/{id}/,DELETE,openapi,u_[a_z0_9]_w_[a_z0_9]_ethikos_arguments_destroy,u,,
/api/u/[a-z0-9]/w/[a-z0-9]/ethikos/arguments/{id}/,GET,openapi,u_[a_z0_9]_w_[a_z0_9]_ethikos_arguments_retrieve,u,,
/api/u/[a-z0-9]/w/[a-z0-9]/ethikos/arguments/{id}/,PATCH,openapi,u_[a_z0_9]_w_[a_z0_9]_ethikos_arguments_partial_update,u,,
/api/u/[a-z0-9]/w/[a-z0-9]/ethikos/arguments/{id}/,PUT,openapi,u_[a_z0_9]_w_[a_z0_9]_ethikos_arguments_update,u,,
/api/u/[a-z0-9]/w/[a-z0-9]/ethikos/categories/,GET,openapi,u_[a_z0_9]_w_[a_z0_9]_ethikos_categories_list,u,,
/api/u/[a-z0-9]/w/[a-z0-9]/ethikos/categories/{id}/,GET,openapi,u_[a_z0_9]_w_[a_z0_9]_ethikos_categories_retrieve,u,,
/api/u/[a-z0-9]/w/[a-z0-9]/ethikos/decision-protocols/,GET,openapi,u_[a_z0_9]_w_[a_z0_9]_ethikos_decision_protocols_list,u,,
/api/u/[a-z0-9]/w/[a-z0-9]/ethikos/decision-protocols/,POST,openapi,u_[a_z0_9]_w_[a_z0_9]_ethikos_decision_protocols_create,u,,
/api/u/[a-z0-9]/w/[a-z0-9]/ethikos/decision-protocols/{id}/,DELETE,openapi,u_[a_z0_9]_w_[a_z0_9]_ethikos_decision_protocols_destroy,u,,
/api/u/[a-z0-9]/w/[a-z0-9]/ethikos/decision-protocols/{id}/,GET,openapi,u_[a_z0_9]_w_[a_z0_9]_ethikos_decision_protocols_retrieve,u,,
/api/u/[a-z0-9]/w/[a-z0-9]/ethikos/decision-protocols/{id}/,PATCH,openapi,u_[a_z0_9]_w_[a_z0_9]_ethikos_decision_protocols_partial_update,u,,
/api/u/[a-z0-9]/w/[a-z0-9]/ethikos/decision-protocols/{id}/,PUT,openapi,u_[a_z0_9]_w_[a_z0_9]_ethikos_decision_protocols_update,u,,
/api/u/[a-z0-9]/w/[a-z0-9]/ethikos/decision-records/,GET,openapi,u_[a_z0_9]_w_[a_z0_9]_ethikos_decision_records_list,u,,
/api/u/[a-z0-9]/w/[a-z0-9]/ethikos/decision-records/,POST,openapi,u_[a_z0_9]_w_[a_z0_9]_ethikos_decision_records_create,u,,
/api/u/[a-z0-9]/w/[a-z0-9]/ethikos/decision-records/{id}/,DELETE,openapi,u_[a_z0_9]_w_[a_z0_9]_ethikos_decision_records_destroy,u,,
/api/u/[a-z0-9]/w/[a-z0-9]/ethikos/decision-records/{id}/,GET,openapi,u_[a_z0_9]_w_[a_z0_9]_ethikos_decision_records_retrieve,u,,
/api/u/[a-z0-9]/w/[a-z0-9]/ethikos/decision-records/{id}/,PATCH,openapi,u_[a_z0_9]_w_[a_z0_9]_ethikos_decision_records_partial_update,u,,
/api/u/[a-z0-9]/w/[a-z0-9]/ethikos/decision-records/{id}/,PUT,openapi,u_[a_z0_9]_w_[a_z0_9]_ethikos_decision_records_update,u,,
/api/u/[a-z0-9]/w/[a-z0-9]/ethikos/decision-records/{id}/execute/,POST,openapi,u_[a_z0_9]_w_[a_z0_9]_ethikos_decision_records_execute_create,u,,
/api/u/[a-z0-9]/w/[a-z0-9]/ethikos/decision-records/{id}/export/,GET,openapi,u_[a_z0_9]_w_[a_z0_9]_ethikos_decision_records_export_retrieve,u,,
/api/u/[a-z0-9]/w/[a-z0-9]/ethikos/decision-records/{id}/publish/,POST,openapi,u_[a_z0_9]_w_[a_z0_9]_ethikos_decision_records_publish_create,u,,
/api/u/[a-z0-9]/w/[a-z0-9]/ethikos/demo-scenarios/import,POST,openapi,u_[a_z0_9]_w_[a_z0_9]_ethikos_demo_scenarios_import_create,u,,
/api/u/[a-z0-9]/w/[a-z0-9]/ethikos/demo-scenarios/import/,POST,openapi,u_[a_z0_9]_w_[a_z0_9]_ethikos_demo_scenarios_import_create_2,u,,
/api/u/[a-z0-9]/w/[a-z0-9]/ethikos/demo-scenarios/preview,POST,openapi,u_[a_z0_9]_w_[a_z0_9]_ethikos_demo_scenarios_preview_create,u,,
/api/u/[a-z0-9]/w/[a-z0-9]/ethikos/demo-scenarios/preview/,POST,openapi,u_[a_z0_9]_w_[a_z0_9]_ethikos_demo_scenarios_preview_create_2,u,,
/api/u/[a-z0-9]/w/[a-z0-9]/ethikos/demo-scenarios/reset,POST,openapi,u_[a_z0_9]_w_[a_z0_9]_ethikos_demo_scenarios_reset_create,u,,
/api/u/[a-z0-9]/w/[a-z0-9]/ethikos/demo-scenarios/reset/,POST,openapi,u_[a_z0_9]_w_[a_z0_9]_ethikos_demo_scenarios_reset_create_2,u,,
/api/u/[a-z0-9]/w/[a-z0-9]/ethikos/discussion-participant-roles/,GET,openapi,u_[a_z0_9]_w_[a_z0_9]_ethikos_discussion_participant_roles_list,u,,
/api/u/[a-z0-9]/w/[a-z0-9]/ethikos/discussion-participant-roles/,POST,openapi,u_[a_z0_9]_w_[a_z0_9]_ethikos_discussion_participant_roles_create,u,,
/api/u/[a-z0-9]/w/[a-z0-9]/ethikos/discussion-participant-roles/{id}/,DELETE,openapi,u_[a_z0_9]_w_[a_z0_9]_ethikos_discussion_participant_roles_destroy,u,,
/api/u/[a-z0-9]/w/[a-z0-9]/ethikos/discussion-participant-roles/{id}/,GET,openapi,u_[a_z0_9]_w_[a_z0_9]_ethikos_discussion_participant_roles_retrieve,u,,
/api/u/[a-z0-9]/w/[a-z0-9]/ethikos/discussion-participant-roles/{id}/,PATCH,openapi,u_[a_z0_9]_w_[a_z0_9]_ethikos_discussion_participant_roles_partial_update,u,,
/api/u/[a-z0-9]/w/[a-z0-9]/ethikos/discussion-participant-roles/{id}/,PUT,openapi,u_[a_z0_9]_w_[a_z0_9]_ethikos_discussion_participant_roles_update,u,,
/api/u/[a-z0-9]/w/[a-z0-9]/ethikos/discussion-visibility-settings/,GET,openapi,u_[a_z0_9]_w_[a_z0_9]_ethikos_discussion_visibility_settings_list,u,,
/api/u/[a-z0-9]/w/[a-z0-9]/ethikos/discussion-visibility-settings/,POST,openapi,u_[a_z0_9]_w_[a_z0_9]_ethikos_discussion_visibility_settings_create,u,,
/api/u/[a-z0-9]/w/[a-z0-9]/ethikos/discussion-visibility-settings/{id}/,DELETE,openapi,u_[a_z0_9]_w_[a_z0_9]_ethikos_discussion_visibility_settings_destroy,u,,
/api/u/[a-z0-9]/w/[a-z0-9]/ethikos/discussion-visibility-settings/{id}/,GET,openapi,u_[a_z0_9]_w_[a_z0_9]_ethikos_discussion_visibility_settings_retrieve,u,,
/api/u/[a-z0-9]/w/[a-z0-9]/ethikos/discussion-visibility-settings/{id}/,PATCH,openapi,u_[a_z0_9]_w_[a_z0_9]_ethikos_discussion_visibility_settings_partial_update,u,,
/api/u/[a-z0-9]/w/[a-z0-9]/ethikos/discussion-visibility-settings/{id}/,PUT,openapi,u_[a_z0_9]_w_[a_z0_9]_ethikos_discussion_visibility_settings_update,u,,
/api/u/[a-z0-9]/w/[a-z0-9]/ethikos/stances/,GET,openapi,u_[a_z0_9]_w_[a_z0_9]_ethikos_stances_list,u,,
/api/u/[a-z0-9]/w/[a-z0-9]/ethikos/stances/,POST,openapi,u_[a_z0_9]_w_[a_z0_9]_ethikos_stances_create,u,,
/api/u/[a-z0-9]/w/[a-z0-9]/ethikos/stances/{id}/,DELETE,openapi,u_[a_z0_9]_w_[a_z0_9]_ethikos_stances_destroy,u,,
/api/u/[a-z0-9]/w/[a-z0-9]/ethikos/stances/{id}/,GET,openapi,u_[a_z0_9]_w_[a_z0_9]_ethikos_stances_retrieve,u,,
/api/u/[a-z0-9]/w/[a-z0-9]/ethikos/stances/{id}/,PATCH,openapi,u_[a_z0_9]_w_[a_z0_9]_ethikos_stances_partial_update,u,,
/api/u/[a-z0-9]/w/[a-z0-9]/ethikos/stances/{id}/,PUT,openapi,u_[a_z0_9]_w_[a_z0_9]_ethikos_stances_update,u,,
/api/u/[a-z0-9]/w/[a-z0-9]/ethikos/topics/,GET,openapi,u_[a_z0_9]_w_[a_z0_9]_ethikos_topics_list,u,,
/api/u/[a-z0-9]/w/[a-z0-9]/ethikos/topics/,POST,openapi,u_[a_z0_9]_w_[a_z0_9]_ethikos_topics_create,u,,
/api/u/[a-z0-9]/w/[a-z0-9]/ethikos/topics/{id}/,DELETE,openapi,u_[a_z0_9]_w_[a_z0_9]_ethikos_topics_destroy,u,,
/api/u/[a-z0-9]/w/[a-z0-9]/ethikos/topics/{id}/,GET,openapi,u_[a_z0_9]_w_[a_z0_9]_ethikos_topics_retrieve,u,,
/api/u/[a-z0-9]/w/[a-z0-9]/ethikos/topics/{id}/,PATCH,openapi,u_[a_z0_9]_w_[a_z0_9]_ethikos_topics_partial_update,u,,
/api/u/[a-z0-9]/w/[a-z0-9]/ethikos/topics/{id}/,PUT,openapi,u_[a_z0_9]_w_[a_z0_9]_ethikos_topics_update,u,,
/api/u/[a-z0-9]/w/[a-z0-9]/ethikos/topics/{id}/preview/,GET,openapi,u_[a_z0_9]_w_[a_z0_9]_ethikos_topics_preview_retrieve,u,,
/api/u/[a-z0-9]/w/[a-z0-9]/keenkonnect/messages/,GET,openapi,u_[a_z0_9]_w_[a_z0_9]_keenkonnect_messages_list,u,,
/api/u/[a-z0-9]/w/[a-z0-9]/keenkonnect/messages/,POST,openapi,u_[a_z0_9]_w_[a_z0_9]_keenkonnect_messages_create,u,,
/api/u/[a-z0-9]/w/[a-z0-9]/keenkonnect/messages/{id}/,DELETE,openapi,u_[a_z0_9]_w_[a_z0_9]_keenkonnect_messages_destroy,u,,
/api/u/[a-z0-9]/w/[a-z0-9]/keenkonnect/messages/{id}/,GET,openapi,u_[a_z0_9]_w_[a_z0_9]_keenkonnect_messages_retrieve,u,,
/api/u/[a-z0-9]/w/[a-z0-9]/keenkonnect/messages/{id}/,PATCH,openapi,u_[a_z0_9]_w_[a_z0_9]_keenkonnect_messages_partial_update,u,,
/api/u/[a-z0-9]/w/[a-z0-9]/keenkonnect/messages/{id}/,PUT,openapi,u_[a_z0_9]_w_[a_z0_9]_keenkonnect_messages_update,u,,
/api/u/[a-z0-9]/w/[a-z0-9]/keenkonnect/projects/,GET,openapi,u_[a_z0_9]_w_[a_z0_9]_keenkonnect_projects_list,u,,
/api/u/[a-z0-9]/w/[a-z0-9]/keenkonnect/projects/,POST,openapi,u_[a_z0_9]_w_[a_z0_9]_keenkonnect_projects_create,u,,
/api/u/[a-z0-9]/w/[a-z0-9]/keenkonnect/projects/{id}/,DELETE,openapi,u_[a_z0_9]_w_[a_z0_9]_keenkonnect_projects_destroy,u,,
/api/u/[a-z0-9]/w/[a-z0-9]/keenkonnect/projects/{id}/,GET,openapi,u_[a_z0_9]_w_[a_z0_9]_keenkonnect_projects_retrieve,u,,
/api/u/[a-z0-9]/w/[a-z0-9]/keenkonnect/projects/{id}/,PATCH,openapi,u_[a_z0_9]_w_[a_z0_9]_keenkonnect_projects_partial_update,u,,
/api/u/[a-z0-9]/w/[a-z0-9]/keenkonnect/projects/{id}/,PUT,openapi,u_[a_z0_9]_w_[a_z0_9]_keenkonnect_projects_update,u,,
/api/u/[a-z0-9]/w/[a-z0-9]/keenkonnect/ratings/,GET,openapi,u_[a_z0_9]_w_[a_z0_9]_keenkonnect_ratings_list,u,,
/api/u/[a-z0-9]/w/[a-z0-9]/keenkonnect/ratings/,POST,openapi,u_[a_z0_9]_w_[a_z0_9]_keenkonnect_ratings_create,u,,
/api/u/[a-z0-9]/w/[a-z0-9]/keenkonnect/ratings/{id}/,DELETE,openapi,u_[a_z0_9]_w_[a_z0_9]_keenkonnect_ratings_destroy,u,,
/api/u/[a-z0-9]/w/[a-z0-9]/keenkonnect/ratings/{id}/,GET,openapi,u_[a_z0_9]_w_[a_z0_9]_keenkonnect_ratings_retrieve,u,,
/api/u/[a-z0-9]/w/[a-z0-9]/keenkonnect/ratings/{id}/,PATCH,openapi,u_[a_z0_9]_w_[a_z0_9]_keenkonnect_ratings_partial_update,u,,
/api/u/[a-z0-9]/w/[a-z0-9]/keenkonnect/ratings/{id}/,PUT,openapi,u_[a_z0_9]_w_[a_z0_9]_keenkonnect_ratings_update,u,,
/api/u/[a-z0-9]/w/[a-z0-9]/keenkonnect/resources/,GET,openapi,u_[a_z0_9]_w_[a_z0_9]_keenkonnect_resources_list,u,,
/api/u/[a-z0-9]/w/[a-z0-9]/keenkonnect/resources/,POST,openapi,u_[a_z0_9]_w_[a_z0_9]_keenkonnect_resources_create,u,,
/api/u/[a-z0-9]/w/[a-z0-9]/keenkonnect/resources/{id}/,DELETE,openapi,u_[a_z0_9]_w_[a_z0_9]_keenkonnect_resources_destroy,u,,
/api/u/[a-z0-9]/w/[a-z0-9]/keenkonnect/resources/{id}/,GET,openapi,u_[a_z0_9]_w_[a_z0_9]_keenkonnect_resources_retrieve,u,,
/api/u/[a-z0-9]/w/[a-z0-9]/keenkonnect/resources/{id}/,PATCH,openapi,u_[a_z0_9]_w_[a_z0_9]_keenkonnect_resources_partial_update,u,,
/api/u/[a-z0-9]/w/[a-z0-9]/keenkonnect/resources/{id}/,PUT,openapi,u_[a_z0_9]_w_[a_z0_9]_keenkonnect_resources_update,u,,
/api/u/[a-z0-9]/w/[a-z0-9]/keenkonnect/tags/,GET,openapi,u_[a_z0_9]_w_[a_z0_9]_keenkonnect_tags_list,u,,
/api/u/[a-z0-9]/w/[a-z0-9]/keenkonnect/tags/,POST,openapi,u_[a_z0_9]_w_[a_z0_9]_keenkonnect_tags_create,u,,
/api/u/[a-z0-9]/w/[a-z0-9]/keenkonnect/tags/{id}/,DELETE,openapi,u_[a_z0_9]_w_[a_z0_9]_keenkonnect_tags_destroy,u,,
/api/u/[a-z0-9]/w/[a-z0-9]/keenkonnect/tags/{id}/,GET,openapi,u_[a_z0_9]_w_[a_z0_9]_keenkonnect_tags_retrieve,u,,
/api/u/[a-z0-9]/w/[a-z0-9]/keenkonnect/tags/{id}/,PATCH,openapi,u_[a_z0_9]_w_[a_z0_9]_keenkonnect_tags_partial_update,u,,
/api/u/[a-z0-9]/w/[a-z0-9]/keenkonnect/tags/{id}/,PUT,openapi,u_[a_z0_9]_w_[a_z0_9]_keenkonnect_tags_update,u,,
/api/u/[a-z0-9]/w/[a-z0-9]/keenkonnect/tasks/,GET,openapi,u_[a_z0_9]_w_[a_z0_9]_keenkonnect_tasks_list,u,,
/api/u/[a-z0-9]/w/[a-z0-9]/keenkonnect/tasks/,POST,openapi,u_[a_z0_9]_w_[a_z0_9]_keenkonnect_tasks_create,u,,
/api/u/[a-z0-9]/w/[a-z0-9]/keenkonnect/tasks/{id}/,DELETE,openapi,u_[a_z0_9]_w_[a_z0_9]_keenkonnect_tasks_destroy,u,,
/api/u/[a-z0-9]/w/[a-z0-9]/keenkonnect/tasks/{id}/,GET,openapi,u_[a_z0_9]_w_[a_z0_9]_keenkonnect_tasks_retrieve,u,,
/api/u/[a-z0-9]/w/[a-z0-9]/keenkonnect/tasks/{id}/,PATCH,openapi,u_[a_z0_9]_w_[a_z0_9]_keenkonnect_tasks_partial_update,u,,
/api/u/[a-z0-9]/w/[a-z0-9]/keenkonnect/tasks/{id}/,PUT,openapi,u_[a_z0_9]_w_[a_z0_9]_keenkonnect_tasks_update,u,,
/api/u/[a-z0-9]/w/[a-z0-9]/keenkonnect/teams/,GET,openapi,u_[a_z0_9]_w_[a_z0_9]_keenkonnect_teams_list,u,,
/api/u/[a-z0-9]/w/[a-z0-9]/keenkonnect/teams/,POST,openapi,u_[a_z0_9]_w_[a_z0_9]_keenkonnect_teams_create,u,,
/api/u/[a-z0-9]/w/[a-z0-9]/keenkonnect/teams/my-teams/,GET,openapi,u_[a_z0_9]_w_[a_z0_9]_keenkonnect_teams_my_teams_retrieve,u,,
/api/u/[a-z0-9]/w/[a-z0-9]/keenkonnect/teams/{id}/,DELETE,openapi,u_[a_z0_9]_w_[a_z0_9]_keenkonnect_teams_destroy,u,,
/api/u/[a-z0-9]/w/[a-z0-9]/keenkonnect/teams/{id}/,GET,openapi,u_[a_z0_9]_w_[a_z0_9]_keenkonnect_teams_retrieve,u,,
/api/u/[a-z0-9]/w/[a-z0-9]/keenkonnect/teams/{id}/,PATCH,openapi,u_[a_z0_9]_w_[a_z0_9]_keenkonnect_teams_partial_update,u,,
/api/u/[a-z0-9]/w/[a-z0-9]/keenkonnect/teams/{id}/,PUT,openapi,u_[a_z0_9]_w_[a_z0_9]_keenkonnect_teams_update,u,,
/api/u/[a-z0-9]/w/[a-z0-9]/keenkonnect/teams/{id}/leave/,POST,openapi,u_[a_z0_9]_w_[a_z0_9]_keenkonnect_teams_leave_create,u,,
/api/u/[a-z0-9]/w/[a-z0-9]/kollective/vote-results/,GET,openapi,u_[a_z0_9]_w_[a_z0_9]_kollective_vote_results_list,u,,
/api/u/[a-z0-9]/w/[a-z0-9]/kollective/vote-results/{id}/,GET,openapi,u_[a_z0_9]_w_[a_z0_9]_kollective_vote_results_retrieve,u,,
/api/u/[a-z0-9]/w/[a-z0-9]/kollective/votes/,GET,openapi,u_[a_z0_9]_w_[a_z0_9]_kollective_votes_list,u,,
/api/u/[a-z0-9]/w/[a-z0-9]/kollective/votes/,POST,openapi,u_[a_z0_9]_w_[a_z0_9]_kollective_votes_create,u,,
/api/u/[a-z0-9]/w/[a-z0-9]/kollective/votes/{id}/,DELETE,openapi,u_[a_z0_9]_w_[a_z0_9]_kollective_votes_destroy,u,,
/api/u/[a-z0-9]/w/[a-z0-9]/kollective/votes/{id}/,GET,openapi,u_[a_z0_9]_w_[a_z0_9]_kollective_votes_retrieve,u,,
/api/u/[a-z0-9]/w/[a-z0-9]/kollective/votes/{id}/,PATCH,openapi,u_[a_z0_9]_w_[a_z0_9]_kollective_votes_partial_update,u,,
/api/u/[a-z0-9]/w/[a-z0-9]/kollective/votes/{id}/,PUT,openapi,u_[a_z0_9]_w_[a_z0_9]_kollective_votes_update,u,,
/api/u/[a-z0-9]/w/[a-z0-9]/konnected/certifications/evaluations/,GET,openapi,u_[a_z0_9]_w_[a_z0_9]_konnected_certifications_evaluations_list,u,,
/api/u/[a-z0-9]/w/[a-z0-9]/konnected/certifications/evaluations/,POST,openapi,u_[a_z0_9]_w_[a_z0_9]_konnected_certifications_evaluations_create,u,,
/api/u/[a-z0-9]/w/[a-z0-9]/konnected/certifications/evaluations/{id}/,DELETE,openapi,u_[a_z0_9]_w_[a_z0_9]_konnected_certifications_evaluations_destroy,u,,
/api/u/[a-z0-9]/w/[a-z0-9]/konnected/certifications/evaluations/{id}/,GET,openapi,u_[a_z0_9]_w_[a_z0_9]_konnected_certifications_evaluations_retrieve,u,,
/api/u/[a-z0-9]/w/[a-z0-9]/konnected/certifications/evaluations/{id}/,PATCH,openapi,u_[a_z0_9]_w_[a_z0_9]_konnected_certifications_evaluations_partial_update,u,,
/api/u/[a-z0-9]/w/[a-z0-9]/konnected/certifications/evaluations/{id}/,PUT,openapi,u_[a_z0_9]_w_[a_z0_9]_konnected_certifications_evaluations_update,u,,
/api/u/[a-z0-9]/w/[a-z0-9]/konnected/certifications/exam-attempts/,GET,openapi,u_[a_z0_9]_w_[a_z0_9]_konnected_certifications_exam_attempts_retrieve,u,,
/api/u/[a-z0-9]/w/[a-z0-9]/konnected/certifications/exam-attempts/me/,GET,openapi,u_[a_z0_9]_w_[a_z0_9]_konnected_certifications_exam_attempts_me_retrieve,u,,
/api/u/[a-z0-9]/w/[a-z0-9]/konnected/certifications/exam-attempts/{id}/,GET,openapi,u_[a_z0_9]_w_[a_z0_9]_konnected_certifications_exam_attempts_retrieve_2,u,,
/api/u/[a-z0-9]/w/[a-z0-9]/konnected/certifications/exam-attempts/{id}/appeal/,POST,openapi,u_[a_z0_9]_w_[a_z0_9]_konnected_certifications_exam_attempts_appeal_create,u,,
/api/u/[a-z0-9]/w/[a-z0-9]/konnected/certifications/exam-attempts/{id}/retry/,POST,openapi,u_[a_z0_9]_w_[a_z0_9]_konnected_certifications_exam_attempts_retry_create,u,,
/api/u/[a-z0-9]/w/[a-z0-9]/konnected/certifications/paths/,GET,openapi,u_[a_z0_9]_w_[a_z0_9]_konnected_certifications_paths_list,u,,
/api/u/[a-z0-9]/w/[a-z0-9]/konnected/certifications/paths/,POST,openapi,u_[a_z0_9]_w_[a_z0_9]_konnected_certifications_paths_create,u,,
/api/u/[a-z0-9]/w/[a-z0-9]/konnected/certifications/paths/{id}/,DELETE,openapi,u_[a_z0_9]_w_[a_z0_9]_konnected_certifications_paths_destroy,u,,
/api/u/[a-z0-9]/w/[a-z0-9]/konnected/certifications/paths/{id}/,GET,openapi,u_[a_z0_9]_w_[a_z0_9]_konnected_certifications_paths_retrieve,u,,
/api/u/[a-z0-9]/w/[a-z0-9]/konnected/certifications/paths/{id}/,PATCH,openapi,u_[a_z0_9]_w_[a_z0_9]_konnected_certifications_paths_partial_update,u,,
/api/u/[a-z0-9]/w/[a-z0-9]/konnected/certifications/paths/{id}/,PUT,openapi,u_[a_z0_9]_w_[a_z0_9]_konnected_certifications_paths_update,u,,
/api/u/[a-z0-9]/w/[a-z0-9]/konnected/certifications/paths/{id}/eligibility/,GET,openapi,u_[a_z0_9]_w_[a_z0_9]_konnected_certifications_paths_eligibility_retrieve,u,,
/api/u/[a-z0-9]/w/[a-z0-9]/konnected/certifications/paths/{id}/preparation-plan/,GET,openapi,u_[a_z0_9]_w_[a_z0_9]_konnected_certifications_paths_preparation_plan_retrieve,u,,
/api/u/[a-z0-9]/w/[a-z0-9]/konnected/certifications/paths/{id}/sessions/,GET,openapi,u_[a_z0_9]_w_[a_z0_9]_konnected_certifications_paths_sessions_retrieve,u,,
/api/u/[a-z0-9]/w/[a-z0-9]/konnected/certifications/peer-validations/,GET,openapi,u_[a_z0_9]_w_[a_z0_9]_konnected_certifications_peer_validations_list,u,,
/api/u/[a-z0-9]/w/[a-z0-9]/konnected/certifications/peer-validations/,POST,openapi,u_[a_z0_9]_w_[a_z0_9]_konnected_certifications_peer_validations_create,u,,
/api/u/[a-z0-9]/w/[a-z0-9]/konnected/certifications/peer-validations/{id}/,DELETE,openapi,u_[a_z0_9]_w_[a_z0_9]_konnected_certifications_peer_validations_destroy,u,,
/api/u/[a-z0-9]/w/[a-z0-9]/konnected/certifications/peer-validations/{id}/,GET,openapi,u_[a_z0_9]_w_[a_z0_9]_konnected_certifications_peer_validations_retrieve,u,,
/api/u/[a-z0-9]/w/[a-z0-9]/konnected/certifications/peer-validations/{id}/,PATCH,openapi,u_[a_z0_9]_w_[a_z0_9]_konnected_certifications_peer_validations_partial_update,u,,
/api/u/[a-z0-9]/w/[a-z0-9]/konnected/certifications/peer-validations/{id}/,PUT,openapi,u_[a_z0_9]_w_[a_z0_9]_konnected_certifications_peer_validations_update,u,,
/api/u/[a-z0-9]/w/[a-z0-9]/konnected/co-creation-contributions/,GET,openapi,u_[a_z0_9]_w_[a_z0_9]_konnected_co_creation_contributions_list,u,,
/api/u/[a-z0-9]/w/[a-z0-9]/konnected/co-creation-contributions/,POST,openapi,u_[a_z0_9]_w_[a_z0_9]_konnected_co_creation_contributions_create,u,,
/api/u/[a-z0-9]/w/[a-z0-9]/konnected/co-creation-contributions/{id}/,GET,openapi,u_[a_z0_9]_w_[a_z0_9]_konnected_co_creation_contributions_retrieve,u,,
/api/u/[a-z0-9]/w/[a-z0-9]/konnected/co-creation-projects/,GET,openapi,u_[a_z0_9]_w_[a_z0_9]_konnected_co_creation_projects_list,u,,
/api/u/[a-z0-9]/w/[a-z0-9]/konnected/co-creation-projects/{id}/,GET,openapi,u_[a_z0_9]_w_[a_z0_9]_konnected_co_creation_projects_retrieve,u,,
/api/u/[a-z0-9]/w/[a-z0-9]/konnected/forum-posts/,GET,openapi,u_[a_z0_9]_w_[a_z0_9]_konnected_forum_posts_list,u,,
/api/u/[a-z0-9]/w/[a-z0-9]/konnected/forum-posts/,POST,openapi,u_[a_z0_9]_w_[a_z0_9]_konnected_forum_posts_create,u,,
/api/u/[a-z0-9]/w/[a-z0-9]/konnected/forum-posts/{id}/,DELETE,openapi,u_[a_z0_9]_w_[a_z0_9]_konnected_forum_posts_destroy,u,,
/api/u/[a-z0-9]/w/[a-z0-9]/konnected/forum-posts/{id}/,GET,openapi,u_[a_z0_9]_w_[a_z0_9]_konnected_forum_posts_retrieve,u,,
/api/u/[a-z0-9]/w/[a-z0-9]/konnected/forum-posts/{id}/,PATCH,openapi,u_[a_z0_9]_w_[a_z0_9]_konnected_forum_posts_partial_update,u,,
/api/u/[a-z0-9]/w/[a-z0-9]/konnected/forum-posts/{id}/,PUT,openapi,u_[a_z0_9]_w_[a_z0_9]_konnected_forum_posts_update,u,,
/api/u/[a-z0-9]/w/[a-z0-9]/konnected/forum-topics/,GET,openapi,u_[a_z0_9]_w_[a_z0_9]_konnected_forum_topics_list,u,,
/api/u/[a-z0-9]/w/[a-z0-9]/konnected/forum-topics/,POST,openapi,u_[a_z0_9]_w_[a_z0_9]_konnected_forum_topics_create,u,,
/api/u/[a-z0-9]/w/[a-z0-9]/konnected/forum-topics/{id}/,DELETE,openapi,u_[a_z0_9]_w_[a_z0_9]_konnected_forum_topics_destroy,u,,
/api/u/[a-z0-9]/w/[a-z0-9]/konnected/forum-topics/{id}/,GET,openapi,u_[a_z0_9]_w_[a_z0_9]_konnected_forum_topics_retrieve,u,,
/api/u/[a-z0-9]/w/[a-z0-9]/konnected/forum-topics/{id}/,PATCH,openapi,u_[a_z0_9]_w_[a_z0_9]_konnected_forum_topics_partial_update,u,,
/api/u/[a-z0-9]/w/[a-z0-9]/konnected/forum-topics/{id}/,PUT,openapi,u_[a_z0_9]_w_[a_z0_9]_konnected_forum_topics_update,u,,
/api/u/[a-z0-9]/w/[a-z0-9]/konnected/mentors/,GET,openapi,u_[a_z0_9]_w_[a_z0_9]_konnected_mentors_list,u,,
/api/u/[a-z0-9]/w/[a-z0-9]/konnected/mentors/{id}/,GET,openapi,u_[a_z0_9]_w_[a_z0_9]_konnected_mentors_retrieve,u,,
/api/u/[a-z0-9]/w/[a-z0-9]/konnected/mentorship-requests/,GET,openapi,u_[a_z0_9]_w_[a_z0_9]_konnected_mentorship_requests_list,u,,
/api/u/[a-z0-9]/w/[a-z0-9]/konnected/mentorship-requests/,POST,openapi,u_[a_z0_9]_w_[a_z0_9]_konnected_mentorship_requests_create,u,,
/api/u/[a-z0-9]/w/[a-z0-9]/konnected/mentorship-requests/{id}/,GET,openapi,u_[a_z0_9]_w_[a_z0_9]_konnected_mentorship_requests_retrieve,u,,
/api/u/[a-z0-9]/w/[a-z0-9]/konnected/offline-packages/,GET,openapi,u_[a_z0_9]_w_[a_z0_9]_konnected_offline_packages_list,u,,
/api/u/[a-z0-9]/w/[a-z0-9]/konnected/offline-packages/,POST,openapi,u_[a_z0_9]_w_[a_z0_9]_konnected_offline_packages_create,u,,
/api/u/[a-z0-9]/w/[a-z0-9]/konnected/offline-packages/{id}/,DELETE,openapi,u_[a_z0_9]_w_[a_z0_9]_konnected_offline_packages_destroy,u,,
/api/u/[a-z0-9]/w/[a-z0-9]/konnected/offline-packages/{id}/,GET,openapi,u_[a_z0_9]_w_[a_z0_9]_konnected_offline_packages_retrieve,u,,
/api/u/[a-z0-9]/w/[a-z0-9]/konnected/offline-packages/{id}/,PATCH,openapi,u_[a_z0_9]_w_[a_z0_9]_konnected_offline_packages_partial_update,u,,
/api/u/[a-z0-9]/w/[a-z0-9]/konnected/offline-packages/{id}/,PUT,openapi,u_[a_z0_9]_w_[a_z0_9]_konnected_offline_packages_update,u,,
/api/u/[a-z0-9]/w/[a-z0-9]/konnected/offline-packages/{id}/sync/,POST,openapi,u_[a_z0_9]_w_[a_z0_9]_konnected_offline_packages_sync_create,u,,
/api/u/[a-z0-9]/w/[a-z0-9]/konnected/portfolios/,GET,openapi,u_[a_z0_9]_w_[a_z0_9]_konnected_portfolios_list,u,,
/api/u/[a-z0-9]/w/[a-z0-9]/konnected/portfolios/,POST,openapi,u_[a_z0_9]_w_[a_z0_9]_konnected_portfolios_create,u,,
/api/u/[a-z0-9]/w/[a-z0-9]/konnected/portfolios/{id}/,DELETE,openapi,u_[a_z0_9]_w_[a_z0_9]_konnected_portfolios_destroy,u,,
/api/u/[a-z0-9]/w/[a-z0-9]/konnected/portfolios/{id}/,GET,openapi,u_[a_z0_9]_w_[a_z0_9]_konnected_portfolios_retrieve,u,,
/api/u/[a-z0-9]/w/[a-z0-9]/konnected/portfolios/{id}/,PATCH,openapi,u_[a_z0_9]_w_[a_z0_9]_konnected_portfolios_partial_update,u,,
/api/u/[a-z0-9]/w/[a-z0-9]/konnected/portfolios/{id}/,PUT,openapi,u_[a_z0_9]_w_[a_z0_9]_konnected_portfolios_update,u,,
/api/u/[a-z0-9]/w/[a-z0-9]/konnected/progress/,GET,openapi,u_[a_z0_9]_w_[a_z0_9]_konnected_progress_list,u,,
/api/u/[a-z0-9]/w/[a-z0-9]/konnected/progress/,POST,openapi,u_[a_z0_9]_w_[a_z0_9]_konnected_progress_create,u,,
/api/u/[a-z0-9]/w/[a-z0-9]/konnected/progress/{id}/,DELETE,openapi,u_[a_z0_9]_w_[a_z0_9]_konnected_progress_destroy,u,,
/api/u/[a-z0-9]/w/[a-z0-9]/konnected/progress/{id}/,GET,openapi,u_[a_z0_9]_w_[a_z0_9]_konnected_progress_retrieve,u,,
/api/u/[a-z0-9]/w/[a-z0-9]/konnected/progress/{id}/,PATCH,openapi,u_[a_z0_9]_w_[a_z0_9]_konnected_progress_partial_update,u,,
/api/u/[a-z0-9]/w/[a-z0-9]/konnected/progress/{id}/,PUT,openapi,u_[a_z0_9]_w_[a_z0_9]_konnected_progress_update,u,,
/api/u/[a-z0-9]/w/[a-z0-9]/konnected/recommendations/,GET,openapi,u_[a_z0_9]_w_[a_z0_9]_konnected_recommendations_list,u,,
/api/u/[a-z0-9]/w/[a-z0-9]/konnected/recommendations/{id}/,GET,openapi,u_[a_z0_9]_w_[a_z0_9]_konnected_recommendations_retrieve,u,,
/api/u/[a-z0-9]/w/[a-z0-9]/konnected/resources/,GET,openapi,u_[a_z0_9]_w_[a_z0_9]_konnected_resources_list,u,,
/api/u/[a-z0-9]/w/[a-z0-9]/konnected/resources/,POST,openapi,u_[a_z0_9]_w_[a_z0_9]_konnected_resources_create,u,,
/api/u/[a-z0-9]/w/[a-z0-9]/konnected/resources/{id}/,DELETE,openapi,u_[a_z0_9]_w_[a_z0_9]_konnected_resources_destroy,u,,
/api/u/[a-z0-9]/w/[a-z0-9]/konnected/resources/{id}/,GET,openapi,u_[a_z0_9]_w_[a_z0_9]_konnected_resources_retrieve,u,,
/api/u/[a-z0-9]/w/[a-z0-9]/konnected/resources/{id}/,PATCH,openapi,u_[a_z0_9]_w_[a_z0_9]_konnected_resources_partial_update,u,,
/api/u/[a-z0-9]/w/[a-z0-9]/konnected/resources/{id}/,PUT,openapi,u_[a_z0_9]_w_[a_z0_9]_konnected_resources_update,u,,
/api/u/[a-z0-9]/w/[a-z0-9]/kreative/artworks/,GET,openapi,u_[a_z0_9]_w_[a_z0_9]_kreative_artworks_list,u,,
/api/u/[a-z0-9]/w/[a-z0-9]/kreative/artworks/,POST,openapi,u_[a_z0_9]_w_[a_z0_9]_kreative_artworks_create,u,,
/api/u/[a-z0-9]/w/[a-z0-9]/kreative/artworks/{id}/,DELETE,openapi,u_[a_z0_9]_w_[a_z0_9]_kreative_artworks_destroy,u,,
/api/u/[a-z0-9]/w/[a-z0-9]/kreative/artworks/{id}/,GET,openapi,u_[a_z0_9]_w_[a_z0_9]_kreative_artworks_retrieve,u,,
/api/u/[a-z0-9]/w/[a-z0-9]/kreative/artworks/{id}/,PATCH,openapi,u_[a_z0_9]_w_[a_z0_9]_kreative_artworks_partial_update,u,,
/api/u/[a-z0-9]/w/[a-z0-9]/kreative/artworks/{id}/,PUT,openapi,u_[a_z0_9]_w_[a_z0_9]_kreative_artworks_update,u,,
/api/u/[a-z0-9]/w/[a-z0-9]/kreative/collab-sessions/,GET,openapi,u_[a_z0_9]_w_[a_z0_9]_kreative_collab_sessions_list,u,,
/api/u/[a-z0-9]/w/[a-z0-9]/kreative/collab-sessions/,POST,openapi,u_[a_z0_9]_w_[a_z0_9]_kreative_collab_sessions_create,u,,
/api/u/[a-z0-9]/w/[a-z0-9]/kreative/collab-sessions/{id}/,DELETE,openapi,u_[a_z0_9]_w_[a_z0_9]_kreative_collab_sessions_destroy,u,,
/api/u/[a-z0-9]/w/[a-z0-9]/kreative/collab-sessions/{id}/,GET,openapi,u_[a_z0_9]_w_[a_z0_9]_kreative_collab_sessions_retrieve,u,,
/api/u/[a-z0-9]/w/[a-z0-9]/kreative/collab-sessions/{id}/,PATCH,openapi,u_[a_z0_9]_w_[a_z0_9]_kreative_collab_sessions_partial_update,u,,
/api/u/[a-z0-9]/w/[a-z0-9]/kreative/collab-sessions/{id}/,PUT,openapi,u_[a_z0_9]_w_[a_z0_9]_kreative_collab_sessions_update,u,,
/api/u/[a-z0-9]/w/[a-z0-9]/kreative/galleries/,GET,openapi,u_[a_z0_9]_w_[a_z0_9]_kreative_galleries_list,u,,
/api/u/[a-z0-9]/w/[a-z0-9]/kreative/galleries/,POST,openapi,u_[a_z0_9]_w_[a_z0_9]_kreative_galleries_create,u,,
/api/u/[a-z0-9]/w/[a-z0-9]/kreative/galleries/{id}/,DELETE,openapi,u_[a_z0_9]_w_[a_z0_9]_kreative_galleries_destroy,u,,
/api/u/[a-z0-9]/w/[a-z0-9]/kreative/galleries/{id}/,GET,openapi,u_[a_z0_9]_w_[a_z0_9]_kreative_galleries_retrieve,u,,
/api/u/[a-z0-9]/w/[a-z0-9]/kreative/galleries/{id}/,PATCH,openapi,u_[a_z0_9]_w_[a_z0_9]_kreative_galleries_partial_update,u,,
/api/u/[a-z0-9]/w/[a-z0-9]/kreative/galleries/{id}/,PUT,openapi,u_[a_z0_9]_w_[a_z0_9]_kreative_galleries_update,u,,
/api/u/[a-z0-9]/w/[a-z0-9]/kreative/tags/,GET,openapi,u_[a_z0_9]_w_[a_z0_9]_kreative_tags_list,u,,
/api/u/[a-z0-9]/w/[a-z0-9]/kreative/tags/,POST,openapi,u_[a_z0_9]_w_[a_z0_9]_kreative_tags_create,u,,
/api/u/[a-z0-9]/w/[a-z0-9]/kreative/tags/{id}/,DELETE,openapi,u_[a_z0_9]_w_[a_z0_9]_kreative_tags_destroy,u,,
/api/u/[a-z0-9]/w/[a-z0-9]/kreative/tags/{id}/,GET,openapi,u_[a_z0_9]_w_[a_z0_9]_kreative_tags_retrieve,u,,
/api/u/[a-z0-9]/w/[a-z0-9]/kreative/tags/{id}/,PATCH,openapi,u_[a_z0_9]_w_[a_z0_9]_kreative_tags_partial_update,u,,
/api/u/[a-z0-9]/w/[a-z0-9]/kreative/tags/{id}/,PUT,openapi,u_[a_z0_9]_w_[a_z0_9]_kreative_tags_update,u,,
/api/u/[a-z0-9]/w/[a-z0-9]/kreative/traditions/,GET,openapi,u_[a_z0_9]_w_[a_z0_9]_kreative_traditions_list,u,,
/api/u/[a-z0-9]/w/[a-z0-9]/kreative/traditions/,POST,openapi,u_[a_z0_9]_w_[a_z0_9]_kreative_traditions_create,u,,
/api/u/[a-z0-9]/w/[a-z0-9]/kreative/traditions/{id}/,DELETE,openapi,u_[a_z0_9]_w_[a_z0_9]_kreative_traditions_destroy,u,,
/api/u/[a-z0-9]/w/[a-z0-9]/kreative/traditions/{id}/,GET,openapi,u_[a_z0_9]_w_[a_z0_9]_kreative_traditions_retrieve,u,,
/api/u/[a-z0-9]/w/[a-z0-9]/kreative/traditions/{id}/,PATCH,openapi,u_[a_z0_9]_w_[a_z0_9]_kreative_traditions_partial_update,u,,
/api/u/[a-z0-9]/w/[a-z0-9]/kreative/traditions/{id}/,PUT,openapi,u_[a_z0_9]_w_[a_z0_9]_kreative_traditions_update,u,,
/api/u/[a-z0-9]/w/[a-z0-9]/projects/,GET,openapi,u_[a_z0_9]_w_[a_z0_9]_projects_list,u,,
/api/u/[a-z0-9]/w/[a-z0-9]/projects/,POST,openapi,u_[a_z0_9]_w_[a_z0_9]_projects_create,u,,
/api/u/[a-z0-9]/w/[a-z0-9]/projects/{id}/,DELETE,openapi,u_[a_z0_9]_w_[a_z0_9]_projects_destroy,u,,
/api/u/[a-z0-9]/w/[a-z0-9]/projects/{id}/,GET,openapi,u_[a_z0_9]_w_[a_z0_9]_projects_retrieve,u,,
/api/u/[a-z0-9]/w/[a-z0-9]/projects/{id}/,PATCH,openapi,u_[a_z0_9]_w_[a_z0_9]_projects_partial_update,u,,
/api/u/[a-z0-9]/w/[a-z0-9]/projects/{id}/,PUT,openapi,u_[a_z0_9]_w_[a_z0_9]_projects_update,u,,
/api/u/[a-z0-9]/w/[a-z0-9]/reports/perf/,GET,openapi,u_[a_z0_9]_w_[a_z0_9]_reports_perf_retrieve,u,,
/api/u/[a-z0-9]/w/[a-z0-9]/reports/smart-vote/,GET,openapi,u_[a_z0_9]_w_[a_z0_9]_reports_smart_vote_retrieve,u,,
/api/u/[a-z0-9]/w/[a-z0-9]/reports/usage/,GET,openapi,u_[a_z0_9]_w_[a_z0_9]_reports_usage_retrieve,u,,
/api/u/[a-z0-9]/w/[a-z0-9]/runtime/,GET,openapi,u_[a_z0_9]_w_[a_z0_9]_runtime_retrieve,u,,
/api/u/[a-z0-9]/w/[a-z0-9]/runtime/personas/,GET,openapi,u_[a_z0_9]_w_[a_z0_9]_runtime_personas_retrieve,u,,
/api/u/[a-z0-9]/w/[a-z0-9]/runtime/view-as/,POST,openapi,u_[a_z0_9]_w_[a_z0_9]_runtime_view_as_create,u,,
/api/u/[a-z0-9]/w/[a-z0-9]/teambuilder/problems/,GET,openapi,u_[a_z0_9]_w_[a_z0_9]_teambuilder_problems_list,u,,
/api/u/[a-z0-9]/w/[a-z0-9]/teambuilder/problems/,POST,openapi,u_[a_z0_9]_w_[a_z0_9]_teambuilder_problems_create,u,,
/api/u/[a-z0-9]/w/[a-z0-9]/teambuilder/problems/{id}/,DELETE,openapi,u_[a_z0_9]_w_[a_z0_9]_teambuilder_problems_destroy,u,,
/api/u/[a-z0-9]/w/[a-z0-9]/teambuilder/problems/{id}/,GET,openapi,u_[a_z0_9]_w_[a_z0_9]_teambuilder_problems_retrieve,u,,
/api/u/[a-z0-9]/w/[a-z0-9]/teambuilder/problems/{id}/,PATCH,openapi,u_[a_z0_9]_w_[a_z0_9]_teambuilder_problems_partial_update,u,,
/api/u/[a-z0-9]/w/[a-z0-9]/teambuilder/problems/{id}/,PUT,openapi,u_[a_z0_9]_w_[a_z0_9]_teambuilder_problems_update,u,,
/api/u/[a-z0-9]/w/[a-z0-9]/teambuilder/sessions/,GET,openapi,u_[a_z0_9]_w_[a_z0_9]_teambuilder_sessions_list,u,,
/api/u/[a-z0-9]/w/[a-z0-9]/teambuilder/sessions/,POST,openapi,u_[a_z0_9]_w_[a_z0_9]_teambuilder_sessions_create,u,,
/api/u/[a-z0-9]/w/[a-z0-9]/teambuilder/sessions/{id}/,DELETE,openapi,u_[a_z0_9]_w_[a_z0_9]_teambuilder_sessions_destroy,u,,
/api/u/[a-z0-9]/w/[a-z0-9]/teambuilder/sessions/{id}/,GET,openapi,u_[a_z0_9]_w_[a_z0_9]_teambuilder_sessions_retrieve,u,,
/api/u/[a-z0-9]/w/[a-z0-9]/teambuilder/sessions/{id}/,PATCH,openapi,u_[a_z0_9]_w_[a_z0_9]_teambuilder_sessions_partial_update,u,,
/api/u/[a-z0-9]/w/[a-z0-9]/teambuilder/sessions/{id}/,PUT,openapi,u_[a_z0_9]_w_[a_z0_9]_teambuilder_sessions_update,u,,
/api/u/[a-z0-9]/w/[a-z0-9]/teambuilder/sessions/{id}/generate/,POST,openapi,u_[a_z0_9]_w_[a_z0_9]_teambuilder_sessions_generate_create,u,,
/api/u/[a-z0-9]/w/[a-z0-9]/teambuilder/teams/,GET,openapi,u_[a_z0_9]_w_[a_z0_9]_teambuilder_teams_list,u,,
/api/u/[a-z0-9]/w/[a-z0-9]/teambuilder/teams/{id}/,GET,openapi,u_[a_z0_9]_w_[a_z0_9]_teambuilder_teams_retrieve,u,,
/api/u/[a-z0-9]/w/[a-z0-9]/v1/ekoh/profile/{uid}/,GET,openapi,u_[a_z0_9]_w_[a_z0_9]_v1_ekoh_profile_retrieve,u,,
/api/u/[a-z0-9]/w/[a-z0-9]/v1/smart-vote/cast/,POST,openapi,u_[a_z0_9]_w_[a_z0_9]_v1_smart_vote_cast_create,u,,
/api/u/[a-z0-9]/w/[a-z0-9]/v1/smart-vote/readings/ethikos-topic/{topic_id}/,GET,openapi,u_[a_z0_9]_w_[a_z0_9]_v1_smart_vote_readings_ethikos_topic_retrieve,u,,
/api/users/,GET,openapi,users_list,users,,
/api/users/me/,GET,openapi,users_me_retrieve,users,,
/api/users/{username}/,GET,openapi,users_retrieve,users,,
/api/users/{username}/,PATCH,openapi,users_partial_update,users,,
/api/users/{username}/,PUT,openapi,users_update,users,,
/api/v1/ekoh/profile/{uid}/,GET,openapi,v1_ekoh_profile_retrieve,v1,,
/api/v1/smart-vote/cast/,POST,openapi,v1_smart_vote_cast_create,v1,,
/api/v1/smart-vote/readings/ethikos-topic/{topic_id}/,GET,openapi,v1_smart_vote_readings_ethikos_topic_retrieve,v1,,
/api/w/[a-z0-9]/admin/konsensus-config/,GET,openapi,w_[a_z0_9]_admin_konsensus_config_list,w,,
/api/w/[a-z0-9]/admin/konsensus-config/,POST,openapi,w_[a_z0_9]_admin_konsensus_config_create,w,,
/api/w/[a-z0-9]/admin/konsensus-config/{id}/,DELETE,openapi,w_[a_z0_9]_admin_konsensus_config_destroy,w,,
/api/w/[a-z0-9]/admin/konsensus-config/{id}/,GET,openapi,w_[a_z0_9]_admin_konsensus_config_retrieve,w,,
/api/w/[a-z0-9]/admin/konsensus-config/{id}/,PATCH,openapi,w_[a_z0_9]_admin_konsensus_config_partial_update,w,,
/api/w/[a-z0-9]/admin/konsensus-config/{id}/,PUT,openapi,w_[a_z0_9]_admin_konsensus_config_update,w,,
/api/w/[a-z0-9]/admin/moderation/,GET,openapi,w_[a_z0_9]_admin_moderation_list,w,,
/api/w/[a-z0-9]/admin/moderation/,POST,openapi,w_[a_z0_9]_admin_moderation_create,w,,
/api/w/[a-z0-9]/admin/moderation/{id}/,DELETE,openapi,w_[a_z0_9]_admin_moderation_destroy,w,,
/api/w/[a-z0-9]/admin/moderation/{id}/,GET,openapi,w_[a_z0_9]_admin_moderation_retrieve,w,,
/api/w/[a-z0-9]/admin/moderation/{id}/,PATCH,openapi,w_[a_z0_9]_admin_moderation_partial_update,w,,
/api/w/[a-z0-9]/admin/moderation/{id}/,PUT,openapi,w_[a_z0_9]_admin_moderation_update,w,,
/api/w/[a-z0-9]/deliberate/arguments/,GET,openapi,w_[a_z0_9]_deliberate_arguments_list,w,,
/api/w/[a-z0-9]/deliberate/arguments/,POST,openapi,w_[a_z0_9]_deliberate_arguments_create,w,,
/api/w/[a-z0-9]/deliberate/arguments/{id}/,DELETE,openapi,w_[a_z0_9]_deliberate_arguments_destroy,w,,
/api/w/[a-z0-9]/deliberate/arguments/{id}/,GET,openapi,w_[a_z0_9]_deliberate_arguments_retrieve,w,,
/api/w/[a-z0-9]/deliberate/arguments/{id}/,PATCH,openapi,w_[a_z0_9]_deliberate_arguments_partial_update,w,,
/api/w/[a-z0-9]/deliberate/arguments/{id}/,PUT,openapi,w_[a_z0_9]_deliberate_arguments_update,w,,
/api/w/[a-z0-9]/deliberate/categories/,GET,openapi,w_[a_z0_9]_deliberate_categories_list,w,,
/api/w/[a-z0-9]/deliberate/categories/{id}/,GET,openapi,w_[a_z0_9]_deliberate_categories_retrieve,w,,
/api/w/[a-z0-9]/deliberate/decision-protocols/,GET,openapi,w_[a_z0_9]_deliberate_decision_protocols_list,w,,
/api/w/[a-z0-9]/deliberate/decision-protocols/,POST,openapi,w_[a_z0_9]_deliberate_decision_protocols_create,w,,
/api/w/[a-z0-9]/deliberate/decision-protocols/{id}/,DELETE,openapi,w_[a_z0_9]_deliberate_decision_protocols_destroy,w,,
/api/w/[a-z0-9]/deliberate/decision-protocols/{id}/,GET,openapi,w_[a_z0_9]_deliberate_decision_protocols_retrieve,w,,
/api/w/[a-z0-9]/deliberate/decision-protocols/{id}/,PATCH,openapi,w_[a_z0_9]_deliberate_decision_protocols_partial_update,w,,
/api/w/[a-z0-9]/deliberate/decision-protocols/{id}/,PUT,openapi,w_[a_z0_9]_deliberate_decision_protocols_update,w,,
/api/w/[a-z0-9]/deliberate/decision-records/,GET,openapi,w_[a_z0_9]_deliberate_decision_records_list,w,,
/api/w/[a-z0-9]/deliberate/decision-records/,POST,openapi,w_[a_z0_9]_deliberate_decision_records_create,w,,
/api/w/[a-z0-9]/deliberate/decision-records/{id}/,DELETE,openapi,w_[a_z0_9]_deliberate_decision_records_destroy,w,,
/api/w/[a-z0-9]/deliberate/decision-records/{id}/,GET,openapi,w_[a_z0_9]_deliberate_decision_records_retrieve,w,,
/api/w/[a-z0-9]/deliberate/decision-records/{id}/,PATCH,openapi,w_[a_z0_9]_deliberate_decision_records_partial_update,w,,
/api/w/[a-z0-9]/deliberate/decision-records/{id}/,PUT,openapi,w_[a_z0_9]_deliberate_decision_records_update,w,,
/api/w/[a-z0-9]/deliberate/decision-records/{id}/execute/,POST,openapi,w_[a_z0_9]_deliberate_decision_records_execute_create,w,,
/api/w/[a-z0-9]/deliberate/decision-records/{id}/export/,GET,openapi,w_[a_z0_9]_deliberate_decision_records_export_retrieve,w,,
/api/w/[a-z0-9]/deliberate/decision-records/{id}/publish/,POST,openapi,w_[a_z0_9]_deliberate_decision_records_publish_create,w,,
/api/w/[a-z0-9]/deliberate/demo-scenarios/import,POST,openapi,w_[a_z0_9]_deliberate_demo_scenarios_import_create,w,,
/api/w/[a-z0-9]/deliberate/demo-scenarios/import/,POST,openapi,w_[a_z0_9]_deliberate_demo_scenarios_import_create_2,w,,
/api/w/[a-z0-9]/deliberate/demo-scenarios/preview,POST,openapi,w_[a_z0_9]_deliberate_demo_scenarios_preview_create,w,,
/api/w/[a-z0-9]/deliberate/demo-scenarios/preview/,POST,openapi,w_[a_z0_9]_deliberate_demo_scenarios_preview_create_2,w,,
/api/w/[a-z0-9]/deliberate/demo-scenarios/reset,POST,openapi,w_[a_z0_9]_deliberate_demo_scenarios_reset_create,w,,
/api/w/[a-z0-9]/deliberate/demo-scenarios/reset/,POST,openapi,w_[a_z0_9]_deliberate_demo_scenarios_reset_create_2,w,,
/api/w/[a-z0-9]/deliberate/elite/arguments/,GET,openapi,w_[a_z0_9]_deliberate_elite_arguments_list,w,,
/api/w/[a-z0-9]/deliberate/elite/arguments/,POST,openapi,w_[a_z0_9]_deliberate_elite_arguments_create,w,,
/api/w/[a-z0-9]/deliberate/elite/arguments/{id}/,DELETE,openapi,w_[a_z0_9]_deliberate_elite_arguments_destroy,w,,
/api/w/[a-z0-9]/deliberate/elite/arguments/{id}/,GET,openapi,w_[a_z0_9]_deliberate_elite_arguments_retrieve,w,,
/api/w/[a-z0-9]/deliberate/elite/arguments/{id}/,PATCH,openapi,w_[a_z0_9]_deliberate_elite_arguments_partial_update,w,,
/api/w/[a-z0-9]/deliberate/elite/arguments/{id}/,PUT,openapi,w_[a_z0_9]_deliberate_elite_arguments_update,w,,
/api/w/[a-z0-9]/deliberate/elite/categories/,GET,openapi,w_[a_z0_9]_deliberate_elite_categories_list,w,,
/api/w/[a-z0-9]/deliberate/elite/categories/{id}/,GET,openapi,w_[a_z0_9]_deliberate_elite_categories_retrieve,w,,
/api/w/[a-z0-9]/deliberate/elite/decision-protocols/,GET,openapi,w_[a_z0_9]_deliberate_elite_decision_protocols_list,w,,
/api/w/[a-z0-9]/deliberate/elite/decision-protocols/,POST,openapi,w_[a_z0_9]_deliberate_elite_decision_protocols_create,w,,
/api/w/[a-z0-9]/deliberate/elite/decision-protocols/{id}/,DELETE,openapi,w_[a_z0_9]_deliberate_elite_decision_protocols_destroy,w,,
/api/w/[a-z0-9]/deliberate/elite/decision-protocols/{id}/,GET,openapi,w_[a_z0_9]_deliberate_elite_decision_protocols_retrieve,w,,
/api/w/[a-z0-9]/deliberate/elite/decision-protocols/{id}/,PATCH,openapi,w_[a_z0_9]_deliberate_elite_decision_protocols_partial_update,w,,
/api/w/[a-z0-9]/deliberate/elite/decision-protocols/{id}/,PUT,openapi,w_[a_z0_9]_deliberate_elite_decision_protocols_update,w,,
/api/w/[a-z0-9]/deliberate/elite/decision-records/,GET,openapi,w_[a_z0_9]_deliberate_elite_decision_records_list,w,,
/api/w/[a-z0-9]/deliberate/elite/decision-records/,POST,openapi,w_[a_z0_9]_deliberate_elite_decision_records_create,w,,
/api/w/[a-z0-9]/deliberate/elite/decision-records/{id}/,DELETE,openapi,w_[a_z0_9]_deliberate_elite_decision_records_destroy,w,,
/api/w/[a-z0-9]/deliberate/elite/decision-records/{id}/,GET,openapi,w_[a_z0_9]_deliberate_elite_decision_records_retrieve,w,,
/api/w/[a-z0-9]/deliberate/elite/decision-records/{id}/,PATCH,openapi,w_[a_z0_9]_deliberate_elite_decision_records_partial_update,w,,
/api/w/[a-z0-9]/deliberate/elite/decision-records/{id}/,PUT,openapi,w_[a_z0_9]_deliberate_elite_decision_records_update,w,,
/api/w/[a-z0-9]/deliberate/elite/decision-records/{id}/execute/,POST,openapi,w_[a_z0_9]_deliberate_elite_decision_records_execute_create,w,,
/api/w/[a-z0-9]/deliberate/elite/decision-records/{id}/export/,GET,openapi,w_[a_z0_9]_deliberate_elite_decision_records_export_retrieve,w,,
/api/w/[a-z0-9]/deliberate/elite/decision-records/{id}/publish/,POST,openapi,w_[a_z0_9]_deliberate_elite_decision_records_publish_create,w,,
/api/w/[a-z0-9]/deliberate/elite/demo-scenarios/import,POST,openapi,w_[a_z0_9]_deliberate_elite_demo_scenarios_import_create,w,,
/api/w/[a-z0-9]/deliberate/elite/demo-scenarios/import/,POST,openapi,w_[a_z0_9]_deliberate_elite_demo_scenarios_import_create_2,w,,
/api/w/[a-z0-9]/deliberate/elite/demo-scenarios/preview,POST,openapi,w_[a_z0_9]_deliberate_elite_demo_scenarios_preview_create,w,,
/api/w/[a-z0-9]/deliberate/elite/demo-scenarios/preview/,POST,openapi,w_[a_z0_9]_deliberate_elite_demo_scenarios_preview_create_2,w,,
/api/w/[a-z0-9]/deliberate/elite/demo-scenarios/reset,POST,openapi,w_[a_z0_9]_deliberate_elite_demo_scenarios_reset_create,w,,
/api/w/[a-z0-9]/deliberate/elite/demo-scenarios/reset/,POST,openapi,w_[a_z0_9]_deliberate_elite_demo_scenarios_reset_create_2,w,,
/api/w/[a-z0-9]/deliberate/elite/stances/,GET,openapi,w_[a_z0_9]_deliberate_elite_stances_list,w,,
/api/w/[a-z0-9]/deliberate/elite/stances/,POST,openapi,w_[a_z0_9]_deliberate_elite_stances_create,w,,
/api/w/[a-z0-9]/deliberate/elite/stances/{id}/,DELETE,openapi,w_[a_z0_9]_deliberate_elite_stances_destroy,w,,
/api/w/[a-z0-9]/deliberate/elite/stances/{id}/,GET,openapi,w_[a_z0_9]_deliberate_elite_stances_retrieve,w,,
/api/w/[a-z0-9]/deliberate/elite/stances/{id}/,PATCH,openapi,w_[a_z0_9]_deliberate_elite_stances_partial_update,w,,
/api/w/[a-z0-9]/deliberate/elite/stances/{id}/,PUT,openapi,w_[a_z0_9]_deliberate_elite_stances_update,w,,
/api/w/[a-z0-9]/deliberate/elite/topics/,GET,openapi,w_[a_z0_9]_deliberate_elite_topics_list,w,,
/api/w/[a-z0-9]/deliberate/elite/topics/,POST,openapi,w_[a_z0_9]_deliberate_elite_topics_create,w,,
/api/w/[a-z0-9]/deliberate/elite/topics/{id}/,DELETE,openapi,w_[a_z0_9]_deliberate_elite_topics_destroy,w,,
/api/w/[a-z0-9]/deliberate/elite/topics/{id}/,GET,openapi,w_[a_z0_9]_deliberate_elite_topics_retrieve,w,,
/api/w/[a-z0-9]/deliberate/elite/topics/{id}/,PATCH,openapi,w_[a_z0_9]_deliberate_elite_topics_partial_update,w,,
/api/w/[a-z0-9]/deliberate/elite/topics/{id}/,PUT,openapi,w_[a_z0_9]_deliberate_elite_topics_update,w,,
/api/w/[a-z0-9]/deliberate/elite/topics/{id}/preview/,GET,openapi,w_[a_z0_9]_deliberate_elite_topics_preview_retrieve,w,,
/api/w/[a-z0-9]/deliberate/stances/,GET,openapi,w_[a_z0_9]_deliberate_stances_list,w,,
/api/w/[a-z0-9]/deliberate/stances/,POST,openapi,w_[a_z0_9]_deliberate_stances_create,w,,
/api/w/[a-z0-9]/deliberate/stances/{id}/,DELETE,openapi,w_[a_z0_9]_deliberate_stances_destroy,w,,
/api/w/[a-z0-9]/deliberate/stances/{id}/,GET,openapi,w_[a_z0_9]_deliberate_stances_retrieve,w,,
/api/w/[a-z0-9]/deliberate/stances/{id}/,PATCH,openapi,w_[a_z0_9]_deliberate_stances_partial_update,w,,
/api/w/[a-z0-9]/deliberate/stances/{id}/,PUT,openapi,w_[a_z0_9]_deliberate_stances_update,w,,
/api/w/[a-z0-9]/deliberate/topics/,GET,openapi,w_[a_z0_9]_deliberate_topics_list,w,,
/api/w/[a-z0-9]/deliberate/topics/,POST,openapi,w_[a_z0_9]_deliberate_topics_create,w,,
/api/w/[a-z0-9]/deliberate/topics/{id}/,DELETE,openapi,w_[a_z0_9]_deliberate_topics_destroy,w,,
/api/w/[a-z0-9]/deliberate/topics/{id}/,GET,openapi,w_[a_z0_9]_deliberate_topics_retrieve,w,,
/api/w/[a-z0-9]/deliberate/topics/{id}/,PATCH,openapi,w_[a_z0_9]_deliberate_topics_partial_update,w,,
/api/w/[a-z0-9]/deliberate/topics/{id}/,PUT,openapi,w_[a_z0_9]_deliberate_topics_update,w,,
/api/w/[a-z0-9]/deliberate/topics/{id}/preview/,GET,openapi,w_[a_z0_9]_deliberate_topics_preview_retrieve,w,,
/api/w/[a-z0-9]/ethikos/argument-impact-votes/,GET,openapi,w_[a_z0_9]_ethikos_argument_impact_votes_list,w,,
/api/w/[a-z0-9]/ethikos/argument-impact-votes/,POST,openapi,w_[a_z0_9]_ethikos_argument_impact_votes_create,w,,
/api/w/[a-z0-9]/ethikos/argument-impact-votes/{id}/,DELETE,openapi,w_[a_z0_9]_ethikos_argument_impact_votes_destroy,w,,
/api/w/[a-z0-9]/ethikos/argument-impact-votes/{id}/,GET,openapi,w_[a_z0_9]_ethikos_argument_impact_votes_retrieve,w,,
/api/w/[a-z0-9]/ethikos/argument-impact-votes/{id}/,PATCH,openapi,w_[a_z0_9]_ethikos_argument_impact_votes_partial_update,w,,
/api/w/[a-z0-9]/ethikos/argument-impact-votes/{id}/,PUT,openapi,w_[a_z0_9]_ethikos_argument_impact_votes_update,w,,
/api/w/[a-z0-9]/ethikos/argument-sources/,GET,openapi,w_[a_z0_9]_ethikos_argument_sources_list,w,,
/api/w/[a-z0-9]/ethikos/argument-sources/,POST,openapi,w_[a_z0_9]_ethikos_argument_sources_create,w,,
/api/w/[a-z0-9]/ethikos/argument-sources/{id}/,DELETE,openapi,w_[a_z0_9]_ethikos_argument_sources_destroy,w,,
/api/w/[a-z0-9]/ethikos/argument-sources/{id}/,GET,openapi,w_[a_z0_9]_ethikos_argument_sources_retrieve,w,,
/api/w/[a-z0-9]/ethikos/argument-sources/{id}/,PATCH,openapi,w_[a_z0_9]_ethikos_argument_sources_partial_update,w,,
/api/w/[a-z0-9]/ethikos/argument-sources/{id}/,PUT,openapi,w_[a_z0_9]_ethikos_argument_sources_update,w,,
/api/w/[a-z0-9]/ethikos/argument-suggestions/,GET,openapi,w_[a_z0_9]_ethikos_argument_suggestions_list,w,,
/api/w/[a-z0-9]/ethikos/argument-suggestions/,POST,openapi,w_[a_z0_9]_ethikos_argument_suggestions_create,w,,
/api/w/[a-z0-9]/ethikos/argument-suggestions/{id}/,DELETE,openapi,w_[a_z0_9]_ethikos_argument_suggestions_destroy,w,,
/api/w/[a-z0-9]/ethikos/argument-suggestions/{id}/,GET,openapi,w_[a_z0_9]_ethikos_argument_suggestions_retrieve,w,,
/api/w/[a-z0-9]/ethikos/argument-suggestions/{id}/,PATCH,openapi,w_[a_z0_9]_ethikos_argument_suggestions_partial_update,w,,
/api/w/[a-z0-9]/ethikos/argument-suggestions/{id}/,PUT,openapi,w_[a_z0_9]_ethikos_argument_suggestions_update,w,,
/api/w/[a-z0-9]/ethikos/argument-suggestions/{id}/accept/,POST,openapi,w_[a_z0_9]_ethikos_argument_suggestions_accept_create,w,,
/api/w/[a-z0-9]/ethikos/argument-suggestions/{id}/reject/,POST,openapi,w_[a_z0_9]_ethikos_argument_suggestions_reject_create,w,,
/api/w/[a-z0-9]/ethikos/argument-suggestions/{id}/request-revision/,POST,openapi,w_[a_z0_9]_ethikos_argument_suggestions_request_revision_create,w,,
/api/w/[a-z0-9]/ethikos/arguments/,GET,openapi,w_[a_z0_9]_ethikos_arguments_list,w,,
/api/w/[a-z0-9]/ethikos/arguments/,POST,openapi,w_[a_z0_9]_ethikos_arguments_create,w,,
/api/w/[a-z0-9]/ethikos/arguments/{id}/,DELETE,openapi,w_[a_z0_9]_ethikos_arguments_destroy,w,,
/api/w/[a-z0-9]/ethikos/arguments/{id}/,GET,openapi,w_[a_z0_9]_ethikos_arguments_retrieve,w,,
/api/w/[a-z0-9]/ethikos/arguments/{id}/,PATCH,openapi,w_[a_z0_9]_ethikos_arguments_partial_update,w,,
/api/w/[a-z0-9]/ethikos/arguments/{id}/,PUT,openapi,w_[a_z0_9]_ethikos_arguments_update,w,,
/api/w/[a-z0-9]/ethikos/categories/,GET,openapi,w_[a_z0_9]_ethikos_categories_list,w,,
/api/w/[a-z0-9]/ethikos/categories/{id}/,GET,openapi,w_[a_z0_9]_ethikos_categories_retrieve,w,,
/api/w/[a-z0-9]/ethikos/decision-protocols/,GET,openapi,w_[a_z0_9]_ethikos_decision_protocols_list,w,,
/api/w/[a-z0-9]/ethikos/decision-protocols/,POST,openapi,w_[a_z0_9]_ethikos_decision_protocols_create,w,,
/api/w/[a-z0-9]/ethikos/decision-protocols/{id}/,DELETE,openapi,w_[a_z0_9]_ethikos_decision_protocols_destroy,w,,
/api/w/[a-z0-9]/ethikos/decision-protocols/{id}/,GET,openapi,w_[a_z0_9]_ethikos_decision_protocols_retrieve,w,,
/api/w/[a-z0-9]/ethikos/decision-protocols/{id}/,PATCH,openapi,w_[a_z0_9]_ethikos_decision_protocols_partial_update,w,,
/api/w/[a-z0-9]/ethikos/decision-protocols/{id}/,PUT,openapi,w_[a_z0_9]_ethikos_decision_protocols_update,w,,
/api/w/[a-z0-9]/ethikos/decision-records/,GET,openapi,w_[a_z0_9]_ethikos_decision_records_list,w,,
/api/w/[a-z0-9]/ethikos/decision-records/,POST,openapi,w_[a_z0_9]_ethikos_decision_records_create,w,,
/api/w/[a-z0-9]/ethikos/decision-records/{id}/,DELETE,openapi,w_[a_z0_9]_ethikos_decision_records_destroy,w,,
/api/w/[a-z0-9]/ethikos/decision-records/{id}/,GET,openapi,w_[a_z0_9]_ethikos_decision_records_retrieve,w,,
/api/w/[a-z0-9]/ethikos/decision-records/{id}/,PATCH,openapi,w_[a_z0_9]_ethikos_decision_records_partial_update,w,,
/api/w/[a-z0-9]/ethikos/decision-records/{id}/,PUT,openapi,w_[a_z0_9]_ethikos_decision_records_update,w,,
/api/w/[a-z0-9]/ethikos/decision-records/{id}/execute/,POST,openapi,w_[a_z0_9]_ethikos_decision_records_execute_create,w,,
/api/w/[a-z0-9]/ethikos/decision-records/{id}/export/,GET,openapi,w_[a_z0_9]_ethikos_decision_records_export_retrieve,w,,
/api/w/[a-z0-9]/ethikos/decision-records/{id}/publish/,POST,openapi,w_[a_z0_9]_ethikos_decision_records_publish_create,w,,
/api/w/[a-z0-9]/ethikos/demo-scenarios/import,POST,openapi,w_[a_z0_9]_ethikos_demo_scenarios_import_create,w,,
/api/w/[a-z0-9]/ethikos/demo-scenarios/import/,POST,openapi,w_[a_z0_9]_ethikos_demo_scenarios_import_create_2,w,,
/api/w/[a-z0-9]/ethikos/demo-scenarios/preview,POST,openapi,w_[a_z0_9]_ethikos_demo_scenarios_preview_create,w,,
/api/w/[a-z0-9]/ethikos/demo-scenarios/preview/,POST,openapi,w_[a_z0_9]_ethikos_demo_scenarios_preview_create_2,w,,
/api/w/[a-z0-9]/ethikos/demo-scenarios/reset,POST,openapi,w_[a_z0_9]_ethikos_demo_scenarios_reset_create,w,,
/api/w/[a-z0-9]/ethikos/demo-scenarios/reset/,POST,openapi,w_[a_z0_9]_ethikos_demo_scenarios_reset_create_2,w,,
/api/w/[a-z0-9]/ethikos/discussion-participant-roles/,GET,openapi,w_[a_z0_9]_ethikos_discussion_participant_roles_list,w,,
/api/w/[a-z0-9]/ethikos/discussion-participant-roles/,POST,openapi,w_[a_z0_9]_ethikos_discussion_participant_roles_create,w,,
/api/w/[a-z0-9]/ethikos/discussion-participant-roles/{id}/,DELETE,openapi,w_[a_z0_9]_ethikos_discussion_participant_roles_destroy,w,,
/api/w/[a-z0-9]/ethikos/discussion-participant-roles/{id}/,GET,openapi,w_[a_z0_9]_ethikos_discussion_participant_roles_retrieve,w,,
/api/w/[a-z0-9]/ethikos/discussion-participant-roles/{id}/,PATCH,openapi,w_[a_z0_9]_ethikos_discussion_participant_roles_partial_update,w,,
/api/w/[a-z0-9]/ethikos/discussion-participant-roles/{id}/,PUT,openapi,w_[a_z0_9]_ethikos_discussion_participant_roles_update,w,,
/api/w/[a-z0-9]/ethikos/discussion-visibility-settings/,GET,openapi,w_[a_z0_9]_ethikos_discussion_visibility_settings_list,w,,
/api/w/[a-z0-9]/ethikos/discussion-visibility-settings/,POST,openapi,w_[a_z0_9]_ethikos_discussion_visibility_settings_create,w,,
/api/w/[a-z0-9]/ethikos/discussion-visibility-settings/{id}/,DELETE,openapi,w_[a_z0_9]_ethikos_discussion_visibility_settings_destroy,w,,
/api/w/[a-z0-9]/ethikos/discussion-visibility-settings/{id}/,GET,openapi,w_[a_z0_9]_ethikos_discussion_visibility_settings_retrieve,w,,
/api/w/[a-z0-9]/ethikos/discussion-visibility-settings/{id}/,PATCH,openapi,w_[a_z0_9]_ethikos_discussion_visibility_settings_partial_update,w,,
/api/w/[a-z0-9]/ethikos/discussion-visibility-settings/{id}/,PUT,openapi,w_[a_z0_9]_ethikos_discussion_visibility_settings_update,w,,
/api/w/[a-z0-9]/ethikos/stances/,GET,openapi,w_[a_z0_9]_ethikos_stances_list,w,,
/api/w/[a-z0-9]/ethikos/stances/,POST,openapi,w_[a_z0_9]_ethikos_stances_create,w,,
/api/w/[a-z0-9]/ethikos/stances/{id}/,DELETE,openapi,w_[a_z0_9]_ethikos_stances_destroy,w,,
/api/w/[a-z0-9]/ethikos/stances/{id}/,GET,openapi,w_[a_z0_9]_ethikos_stances_retrieve,w,,
/api/w/[a-z0-9]/ethikos/stances/{id}/,PATCH,openapi,w_[a_z0_9]_ethikos_stances_partial_update,w,,
/api/w/[a-z0-9]/ethikos/stances/{id}/,PUT,openapi,w_[a_z0_9]_ethikos_stances_update,w,,
/api/w/[a-z0-9]/ethikos/topics/,GET,openapi,w_[a_z0_9]_ethikos_topics_list,w,,
/api/w/[a-z0-9]/ethikos/topics/,POST,openapi,w_[a_z0_9]_ethikos_topics_create,w,,
/api/w/[a-z0-9]/ethikos/topics/{id}/,DELETE,openapi,w_[a_z0_9]_ethikos_topics_destroy,w,,
/api/w/[a-z0-9]/ethikos/topics/{id}/,GET,openapi,w_[a_z0_9]_ethikos_topics_retrieve,w,,
/api/w/[a-z0-9]/ethikos/topics/{id}/,PATCH,openapi,w_[a_z0_9]_ethikos_topics_partial_update,w,,
/api/w/[a-z0-9]/ethikos/topics/{id}/,PUT,openapi,w_[a_z0_9]_ethikos_topics_update,w,,
/api/w/[a-z0-9]/ethikos/topics/{id}/preview/,GET,openapi,w_[a_z0_9]_ethikos_topics_preview_retrieve,w,,
/api/w/[a-z0-9]/keenkonnect/messages/,GET,openapi,w_[a_z0_9]_keenkonnect_messages_list,w,,
/api/w/[a-z0-9]/keenkonnect/messages/,POST,openapi,w_[a_z0_9]_keenkonnect_messages_create,w,,
/api/w/[a-z0-9]/keenkonnect/messages/{id}/,DELETE,openapi,w_[a_z0_9]_keenkonnect_messages_destroy,w,,
/api/w/[a-z0-9]/keenkonnect/messages/{id}/,GET,openapi,w_[a_z0_9]_keenkonnect_messages_retrieve,w,,
/api/w/[a-z0-9]/keenkonnect/messages/{id}/,PATCH,openapi,w_[a_z0_9]_keenkonnect_messages_partial_update,w,,
/api/w/[a-z0-9]/keenkonnect/messages/{id}/,PUT,openapi,w_[a_z0_9]_keenkonnect_messages_update,w,,
/api/w/[a-z0-9]/keenkonnect/projects/,GET,openapi,w_[a_z0_9]_keenkonnect_projects_list,w,,
/api/w/[a-z0-9]/keenkonnect/projects/,POST,openapi,w_[a_z0_9]_keenkonnect_projects_create,w,,
/api/w/[a-z0-9]/keenkonnect/projects/{id}/,DELETE,openapi,w_[a_z0_9]_keenkonnect_projects_destroy,w,,
/api/w/[a-z0-9]/keenkonnect/projects/{id}/,GET,openapi,w_[a_z0_9]_keenkonnect_projects_retrieve,w,,
/api/w/[a-z0-9]/keenkonnect/projects/{id}/,PATCH,openapi,w_[a_z0_9]_keenkonnect_projects_partial_update,w,,
/api/w/[a-z0-9]/keenkonnect/projects/{id}/,PUT,openapi,w_[a_z0_9]_keenkonnect_projects_update,w,,
/api/w/[a-z0-9]/keenkonnect/ratings/,GET,openapi,w_[a_z0_9]_keenkonnect_ratings_list,w,,
/api/w/[a-z0-9]/keenkonnect/ratings/,POST,openapi,w_[a_z0_9]_keenkonnect_ratings_create,w,,
/api/w/[a-z0-9]/keenkonnect/ratings/{id}/,DELETE,openapi,w_[a_z0_9]_keenkonnect_ratings_destroy,w,,
/api/w/[a-z0-9]/keenkonnect/ratings/{id}/,GET,openapi,w_[a_z0_9]_keenkonnect_ratings_retrieve,w,,
/api/w/[a-z0-9]/keenkonnect/ratings/{id}/,PATCH,openapi,w_[a_z0_9]_keenkonnect_ratings_partial_update,w,,
/api/w/[a-z0-9]/keenkonnect/ratings/{id}/,PUT,openapi,w_[a_z0_9]_keenkonnect_ratings_update,w,,
/api/w/[a-z0-9]/keenkonnect/resources/,GET,openapi,w_[a_z0_9]_keenkonnect_resources_list,w,,
/api/w/[a-z0-9]/keenkonnect/resources/,POST,openapi,w_[a_z0_9]_keenkonnect_resources_create,w,,
/api/w/[a-z0-9]/keenkonnect/resources/{id}/,DELETE,openapi,w_[a_z0_9]_keenkonnect_resources_destroy,w,,
/api/w/[a-z0-9]/keenkonnect/resources/{id}/,GET,openapi,w_[a_z0_9]_keenkonnect_resources_retrieve,w,,
/api/w/[a-z0-9]/keenkonnect/resources/{id}/,PATCH,openapi,w_[a_z0_9]_keenkonnect_resources_partial_update,w,,
/api/w/[a-z0-9]/keenkonnect/resources/{id}/,PUT,openapi,w_[a_z0_9]_keenkonnect_resources_update,w,,
/api/w/[a-z0-9]/keenkonnect/tags/,GET,openapi,w_[a_z0_9]_keenkonnect_tags_list,w,,
/api/w/[a-z0-9]/keenkonnect/tags/,POST,openapi,w_[a_z0_9]_keenkonnect_tags_create,w,,
/api/w/[a-z0-9]/keenkonnect/tags/{id}/,DELETE,openapi,w_[a_z0_9]_keenkonnect_tags_destroy,w,,
/api/w/[a-z0-9]/keenkonnect/tags/{id}/,GET,openapi,w_[a_z0_9]_keenkonnect_tags_retrieve,w,,
/api/w/[a-z0-9]/keenkonnect/tags/{id}/,PATCH,openapi,w_[a_z0_9]_keenkonnect_tags_partial_update,w,,
/api/w/[a-z0-9]/keenkonnect/tags/{id}/,PUT,openapi,w_[a_z0_9]_keenkonnect_tags_update,w,,
/api/w/[a-z0-9]/keenkonnect/tasks/,GET,openapi,w_[a_z0_9]_keenkonnect_tasks_list,w,,
/api/w/[a-z0-9]/keenkonnect/tasks/,POST,openapi,w_[a_z0_9]_keenkonnect_tasks_create,w,,
/api/w/[a-z0-9]/keenkonnect/tasks/{id}/,DELETE,openapi,w_[a_z0_9]_keenkonnect_tasks_destroy,w,,
/api/w/[a-z0-9]/keenkonnect/tasks/{id}/,GET,openapi,w_[a_z0_9]_keenkonnect_tasks_retrieve,w,,
/api/w/[a-z0-9]/keenkonnect/tasks/{id}/,PATCH,openapi,w_[a_z0_9]_keenkonnect_tasks_partial_update,w,,
/api/w/[a-z0-9]/keenkonnect/tasks/{id}/,PUT,openapi,w_[a_z0_9]_keenkonnect_tasks_update,w,,
/api/w/[a-z0-9]/keenkonnect/teams/,GET,openapi,w_[a_z0_9]_keenkonnect_teams_list,w,,
/api/w/[a-z0-9]/keenkonnect/teams/,POST,openapi,w_[a_z0_9]_keenkonnect_teams_create,w,,
/api/w/[a-z0-9]/keenkonnect/teams/my-teams/,GET,openapi,w_[a_z0_9]_keenkonnect_teams_my_teams_retrieve,w,,
/api/w/[a-z0-9]/keenkonnect/teams/{id}/,DELETE,openapi,w_[a_z0_9]_keenkonnect_teams_destroy,w,,
/api/w/[a-z0-9]/keenkonnect/teams/{id}/,GET,openapi,w_[a_z0_9]_keenkonnect_teams_retrieve,w,,
/api/w/[a-z0-9]/keenkonnect/teams/{id}/,PATCH,openapi,w_[a_z0_9]_keenkonnect_teams_partial_update,w,,
/api/w/[a-z0-9]/keenkonnect/teams/{id}/,PUT,openapi,w_[a_z0_9]_keenkonnect_teams_update,w,,
/api/w/[a-z0-9]/keenkonnect/teams/{id}/leave/,POST,openapi,w_[a_z0_9]_keenkonnect_teams_leave_create,w,,
/api/w/[a-z0-9]/kollective/vote-results/,GET,openapi,w_[a_z0_9]_kollective_vote_results_list,w,,
/api/w/[a-z0-9]/kollective/vote-results/{id}/,GET,openapi,w_[a_z0_9]_kollective_vote_results_retrieve,w,,
/api/w/[a-z0-9]/kollective/votes/,GET,openapi,w_[a_z0_9]_kollective_votes_list,w,,
/api/w/[a-z0-9]/kollective/votes/,POST,openapi,w_[a_z0_9]_kollective_votes_create,w,,
/api/w/[a-z0-9]/kollective/votes/{id}/,DELETE,openapi,w_[a_z0_9]_kollective_votes_destroy,w,,
/api/w/[a-z0-9]/kollective/votes/{id}/,GET,openapi,w_[a_z0_9]_kollective_votes_retrieve,w,,
/api/w/[a-z0-9]/kollective/votes/{id}/,PATCH,openapi,w_[a_z0_9]_kollective_votes_partial_update,w,,
/api/w/[a-z0-9]/kollective/votes/{id}/,PUT,openapi,w_[a_z0_9]_kollective_votes_update,w,,
/api/w/[a-z0-9]/konnected/certifications/evaluations/,GET,openapi,w_[a_z0_9]_konnected_certifications_evaluations_list,w,,
/api/w/[a-z0-9]/konnected/certifications/evaluations/,POST,openapi,w_[a_z0_9]_konnected_certifications_evaluations_create,w,,
/api/w/[a-z0-9]/konnected/certifications/evaluations/{id}/,DELETE,openapi,w_[a_z0_9]_konnected_certifications_evaluations_destroy,w,,
/api/w/[a-z0-9]/konnected/certifications/evaluations/{id}/,GET,openapi,w_[a_z0_9]_konnected_certifications_evaluations_retrieve,w,,
/api/w/[a-z0-9]/konnected/certifications/evaluations/{id}/,PATCH,openapi,w_[a_z0_9]_konnected_certifications_evaluations_partial_update,w,,
/api/w/[a-z0-9]/konnected/certifications/evaluations/{id}/,PUT,openapi,w_[a_z0_9]_konnected_certifications_evaluations_update,w,,
/api/w/[a-z0-9]/konnected/certifications/exam-attempts/,GET,openapi,w_[a_z0_9]_konnected_certifications_exam_attempts_retrieve,w,,
/api/w/[a-z0-9]/konnected/certifications/exam-attempts/me/,GET,openapi,w_[a_z0_9]_konnected_certifications_exam_attempts_me_retrieve,w,,
/api/w/[a-z0-9]/konnected/certifications/exam-attempts/{id}/,GET,openapi,w_[a_z0_9]_konnected_certifications_exam_attempts_retrieve_2,w,,
/api/w/[a-z0-9]/konnected/certifications/exam-attempts/{id}/appeal/,POST,openapi,w_[a_z0_9]_konnected_certifications_exam_attempts_appeal_create,w,,
/api/w/[a-z0-9]/konnected/certifications/exam-attempts/{id}/retry/,POST,openapi,w_[a_z0_9]_konnected_certifications_exam_attempts_retry_create,w,,
/api/w/[a-z0-9]/konnected/certifications/paths/,GET,openapi,w_[a_z0_9]_konnected_certifications_paths_list,w,,
/api/w/[a-z0-9]/konnected/certifications/paths/,POST,openapi,w_[a_z0_9]_konnected_certifications_paths_create,w,,
/api/w/[a-z0-9]/konnected/certifications/paths/{id}/,DELETE,openapi,w_[a_z0_9]_konnected_certifications_paths_destroy,w,,
/api/w/[a-z0-9]/konnected/certifications/paths/{id}/,GET,openapi,w_[a_z0_9]_konnected_certifications_paths_retrieve,w,,
/api/w/[a-z0-9]/konnected/certifications/paths/{id}/,PATCH,openapi,w_[a_z0_9]_konnected_certifications_paths_partial_update,w,,
/api/w/[a-z0-9]/konnected/certifications/paths/{id}/,PUT,openapi,w_[a_z0_9]_konnected_certifications_paths_update,w,,
/api/w/[a-z0-9]/konnected/certifications/paths/{id}/eligibility/,GET,openapi,w_[a_z0_9]_konnected_certifications_paths_eligibility_retrieve,w,,
/api/w/[a-z0-9]/konnected/certifications/paths/{id}/preparation-plan/,GET,openapi,w_[a_z0_9]_konnected_certifications_paths_preparation_plan_retrieve,w,,
/api/w/[a-z0-9]/konnected/certifications/paths/{id}/sessions/,GET,openapi,w_[a_z0_9]_konnected_certifications_paths_sessions_retrieve,w,,
/api/w/[a-z0-9]/konnected/certifications/peer-validations/,GET,openapi,w_[a_z0_9]_konnected_certifications_peer_validations_list,w,,
/api/w/[a-z0-9]/konnected/certifications/peer-validations/,POST,openapi,w_[a_z0_9]_konnected_certifications_peer_validations_create,w,,
/api/w/[a-z0-9]/konnected/certifications/peer-validations/{id}/,DELETE,openapi,w_[a_z0_9]_konnected_certifications_peer_validations_destroy,w,,
/api/w/[a-z0-9]/konnected/certifications/peer-validations/{id}/,GET,openapi,w_[a_z0_9]_konnected_certifications_peer_validations_retrieve,w,,
/api/w/[a-z0-9]/konnected/certifications/peer-validations/{id}/,PATCH,openapi,w_[a_z0_9]_konnected_certifications_peer_validations_partial_update,w,,
/api/w/[a-z0-9]/konnected/certifications/peer-validations/{id}/,PUT,openapi,w_[a_z0_9]_konnected_certifications_peer_validations_update,w,,
/api/w/[a-z0-9]/konnected/co-creation-contributions/,GET,openapi,w_[a_z0_9]_konnected_co_creation_contributions_list,w,,
/api/w/[a-z0-9]/konnected/co-creation-contributions/,POST,openapi,w_[a_z0_9]_konnected_co_creation_contributions_create,w,,
/api/w/[a-z0-9]/konnected/co-creation-contributions/{id}/,GET,openapi,w_[a_z0_9]_konnected_co_creation_contributions_retrieve,w,,
/api/w/[a-z0-9]/konnected/co-creation-projects/,GET,openapi,w_[a_z0_9]_konnected_co_creation_projects_list,w,,
/api/w/[a-z0-9]/konnected/co-creation-projects/{id}/,GET,openapi,w_[a_z0_9]_konnected_co_creation_projects_retrieve,w,,
/api/w/[a-z0-9]/konnected/forum-posts/,GET,openapi,w_[a_z0_9]_konnected_forum_posts_list,w,,
/api/w/[a-z0-9]/konnected/forum-posts/,POST,openapi,w_[a_z0_9]_konnected_forum_posts_create,w,,
/api/w/[a-z0-9]/konnected/forum-posts/{id}/,DELETE,openapi,w_[a_z0_9]_konnected_forum_posts_destroy,w,,
/api/w/[a-z0-9]/konnected/forum-posts/{id}/,GET,openapi,w_[a_z0_9]_konnected_forum_posts_retrieve,w,,
/api/w/[a-z0-9]/konnected/forum-posts/{id}/,PATCH,openapi,w_[a_z0_9]_konnected_forum_posts_partial_update,w,,
/api/w/[a-z0-9]/konnected/forum-posts/{id}/,PUT,openapi,w_[a_z0_9]_konnected_forum_posts_update,w,,
/api/w/[a-z0-9]/konnected/forum-topics/,GET,openapi,w_[a_z0_9]_konnected_forum_topics_list,w,,
/api/w/[a-z0-9]/konnected/forum-topics/,POST,openapi,w_[a_z0_9]_konnected_forum_topics_create,w,,
/api/w/[a-z0-9]/konnected/forum-topics/{id}/,DELETE,openapi,w_[a_z0_9]_konnected_forum_topics_destroy,w,,
/api/w/[a-z0-9]/konnected/forum-topics/{id}/,GET,openapi,w_[a_z0_9]_konnected_forum_topics_retrieve,w,,
/api/w/[a-z0-9]/konnected/forum-topics/{id}/,PATCH,openapi,w_[a_z0_9]_konnected_forum_topics_partial_update,w,,
/api/w/[a-z0-9]/konnected/forum-topics/{id}/,PUT,openapi,w_[a_z0_9]_konnected_forum_topics_update,w,,
/api/w/[a-z0-9]/konnected/mentors/,GET,openapi,w_[a_z0_9]_konnected_mentors_list,w,,
/api/w/[a-z0-9]/konnected/mentors/{id}/,GET,openapi,w_[a_z0_9]_konnected_mentors_retrieve,w,,
/api/w/[a-z0-9]/konnected/mentorship-requests/,GET,openapi,w_[a_z0_9]_konnected_mentorship_requests_list,w,,
/api/w/[a-z0-9]/konnected/mentorship-requests/,POST,openapi,w_[a_z0_9]_konnected_mentorship_requests_create,w,,
/api/w/[a-z0-9]/konnected/mentorship-requests/{id}/,GET,openapi,w_[a_z0_9]_konnected_mentorship_requests_retrieve,w,,
/api/w/[a-z0-9]/konnected/offline-packages/,GET,openapi,w_[a_z0_9]_konnected_offline_packages_list,w,,
/api/w/[a-z0-9]/konnected/offline-packages/,POST,openapi,w_[a_z0_9]_konnected_offline_packages_create,w,,
/api/w/[a-z0-9]/konnected/offline-packages/{id}/,DELETE,openapi,w_[a_z0_9]_konnected_offline_packages_destroy,w,,
/api/w/[a-z0-9]/konnected/offline-packages/{id}/,GET,openapi,w_[a_z0_9]_konnected_offline_packages_retrieve,w,,
/api/w/[a-z0-9]/konnected/offline-packages/{id}/,PATCH,openapi,w_[a_z0_9]_konnected_offline_packages_partial_update,w,,
/api/w/[a-z0-9]/konnected/offline-packages/{id}/,PUT,openapi,w_[a_z0_9]_konnected_offline_packages_update,w,,
/api/w/[a-z0-9]/konnected/offline-packages/{id}/sync/,POST,openapi,w_[a_z0_9]_konnected_offline_packages_sync_create,w,,
/api/w/[a-z0-9]/konnected/portfolios/,GET,openapi,w_[a_z0_9]_konnected_portfolios_list,w,,
/api/w/[a-z0-9]/konnected/portfolios/,POST,openapi,w_[a_z0_9]_konnected_portfolios_create,w,,
/api/w/[a-z0-9]/konnected/portfolios/{id}/,DELETE,openapi,w_[a_z0_9]_konnected_portfolios_destroy,w,,
/api/w/[a-z0-9]/konnected/portfolios/{id}/,GET,openapi,w_[a_z0_9]_konnected_portfolios_retrieve,w,,
/api/w/[a-z0-9]/konnected/portfolios/{id}/,PATCH,openapi,w_[a_z0_9]_konnected_portfolios_partial_update,w,,
/api/w/[a-z0-9]/konnected/portfolios/{id}/,PUT,openapi,w_[a_z0_9]_konnected_portfolios_update,w,,
/api/w/[a-z0-9]/konnected/progress/,GET,openapi,w_[a_z0_9]_konnected_progress_list,w,,
/api/w/[a-z0-9]/konnected/progress/,POST,openapi,w_[a_z0_9]_konnected_progress_create,w,,
/api/w/[a-z0-9]/konnected/progress/{id}/,DELETE,openapi,w_[a_z0_9]_konnected_progress_destroy,w,,
/api/w/[a-z0-9]/konnected/progress/{id}/,GET,openapi,w_[a_z0_9]_konnected_progress_retrieve,w,,
/api/w/[a-z0-9]/konnected/progress/{id}/,PATCH,openapi,w_[a_z0_9]_konnected_progress_partial_update,w,,
/api/w/[a-z0-9]/konnected/progress/{id}/,PUT,openapi,w_[a_z0_9]_konnected_progress_update,w,,
/api/w/[a-z0-9]/konnected/recommendations/,GET,openapi,w_[a_z0_9]_konnected_recommendations_list,w,,
/api/w/[a-z0-9]/konnected/recommendations/{id}/,GET,openapi,w_[a_z0_9]_konnected_recommendations_retrieve,w,,
/api/w/[a-z0-9]/konnected/resources/,GET,openapi,w_[a_z0_9]_konnected_resources_list,w,,
/api/w/[a-z0-9]/konnected/resources/,POST,openapi,w_[a_z0_9]_konnected_resources_create,w,,
/api/w/[a-z0-9]/konnected/resources/{id}/,DELETE,openapi,w_[a_z0_9]_konnected_resources_destroy,w,,
/api/w/[a-z0-9]/konnected/resources/{id}/,GET,openapi,w_[a_z0_9]_konnected_resources_retrieve,w,,
/api/w/[a-z0-9]/konnected/resources/{id}/,PATCH,openapi,w_[a_z0_9]_konnected_resources_partial_update,w,,
/api/w/[a-z0-9]/konnected/resources/{id}/,PUT,openapi,w_[a_z0_9]_konnected_resources_update,w,,
/api/w/[a-z0-9]/kreative/artworks/,GET,openapi,w_[a_z0_9]_kreative_artworks_list,w,,
/api/w/[a-z0-9]/kreative/artworks/,POST,openapi,w_[a_z0_9]_kreative_artworks_create,w,,
/api/w/[a-z0-9]/kreative/artworks/{id}/,DELETE,openapi,w_[a_z0_9]_kreative_artworks_destroy,w,,
/api/w/[a-z0-9]/kreative/artworks/{id}/,GET,openapi,w_[a_z0_9]_kreative_artworks_retrieve,w,,
/api/w/[a-z0-9]/kreative/artworks/{id}/,PATCH,openapi,w_[a_z0_9]_kreative_artworks_partial_update,w,,
/api/w/[a-z0-9]/kreative/artworks/{id}/,PUT,openapi,w_[a_z0_9]_kreative_artworks_update,w,,
/api/w/[a-z0-9]/kreative/collab-sessions/,GET,openapi,w_[a_z0_9]_kreative_collab_sessions_list,w,,
/api/w/[a-z0-9]/kreative/collab-sessions/,POST,openapi,w_[a_z0_9]_kreative_collab_sessions_create,w,,
/api/w/[a-z0-9]/kreative/collab-sessions/{id}/,DELETE,openapi,w_[a_z0_9]_kreative_collab_sessions_destroy,w,,
/api/w/[a-z0-9]/kreative/collab-sessions/{id}/,GET,openapi,w_[a_z0_9]_kreative_collab_sessions_retrieve,w,,
/api/w/[a-z0-9]/kreative/collab-sessions/{id}/,PATCH,openapi,w_[a_z0_9]_kreative_collab_sessions_partial_update,w,,
/api/w/[a-z0-9]/kreative/collab-sessions/{id}/,PUT,openapi,w_[a_z0_9]_kreative_collab_sessions_update,w,,
/api/w/[a-z0-9]/kreative/galleries/,GET,openapi,w_[a_z0_9]_kreative_galleries_list,w,,
/api/w/[a-z0-9]/kreative/galleries/,POST,openapi,w_[a_z0_9]_kreative_galleries_create,w,,
/api/w/[a-z0-9]/kreative/galleries/{id}/,DELETE,openapi,w_[a_z0_9]_kreative_galleries_destroy,w,,
/api/w/[a-z0-9]/kreative/galleries/{id}/,GET,openapi,w_[a_z0_9]_kreative_galleries_retrieve,w,,
/api/w/[a-z0-9]/kreative/galleries/{id}/,PATCH,openapi,w_[a_z0_9]_kreative_galleries_partial_update,w,,
/api/w/[a-z0-9]/kreative/galleries/{id}/,PUT,openapi,w_[a_z0_9]_kreative_galleries_update,w,,
/api/w/[a-z0-9]/kreative/tags/,GET,openapi,w_[a_z0_9]_kreative_tags_list,w,,
/api/w/[a-z0-9]/kreative/tags/,POST,openapi,w_[a_z0_9]_kreative_tags_create,w,,
/api/w/[a-z0-9]/kreative/tags/{id}/,DELETE,openapi,w_[a_z0_9]_kreative_tags_destroy,w,,
/api/w/[a-z0-9]/kreative/tags/{id}/,GET,openapi,w_[a_z0_9]_kreative_tags_retrieve,w,,
/api/w/[a-z0-9]/kreative/tags/{id}/,PATCH,openapi,w_[a_z0_9]_kreative_tags_partial_update,w,,
/api/w/[a-z0-9]/kreative/tags/{id}/,PUT,openapi,w_[a_z0_9]_kreative_tags_update,w,,
/api/w/[a-z0-9]/kreative/traditions/,GET,openapi,w_[a_z0_9]_kreative_traditions_list,w,,
/api/w/[a-z0-9]/kreative/traditions/,POST,openapi,w_[a_z0_9]_kreative_traditions_create,w,,
/api/w/[a-z0-9]/kreative/traditions/{id}/,DELETE,openapi,w_[a_z0_9]_kreative_traditions_destroy,w,,
/api/w/[a-z0-9]/kreative/traditions/{id}/,GET,openapi,w_[a_z0_9]_kreative_traditions_retrieve,w,,
/api/w/[a-z0-9]/kreative/traditions/{id}/,PATCH,openapi,w_[a_z0_9]_kreative_traditions_partial_update,w,,
/api/w/[a-z0-9]/kreative/traditions/{id}/,PUT,openapi,w_[a_z0_9]_kreative_traditions_update,w,,
/api/w/[a-z0-9]/projects/,GET,openapi,w_[a_z0_9]_projects_list,w,,
/api/w/[a-z0-9]/projects/,POST,openapi,w_[a_z0_9]_projects_create,w,,
/api/w/[a-z0-9]/projects/{id}/,DELETE,openapi,w_[a_z0_9]_projects_destroy,w,,
/api/w/[a-z0-9]/projects/{id}/,GET,openapi,w_[a_z0_9]_projects_retrieve,w,,
/api/w/[a-z0-9]/projects/{id}/,PATCH,openapi,w_[a_z0_9]_projects_partial_update,w,,
/api/w/[a-z0-9]/projects/{id}/,PUT,openapi,w_[a_z0_9]_projects_update,w,,
/api/w/[a-z0-9]/reports/perf/,GET,openapi,w_[a_z0_9]_reports_perf_retrieve,w,,
/api/w/[a-z0-9]/reports/smart-vote/,GET,openapi,w_[a_z0_9]_reports_smart_vote_retrieve,w,,
/api/w/[a-z0-9]/reports/usage/,GET,openapi,w_[a_z0_9]_reports_usage_retrieve,w,,
/api/w/[a-z0-9]/runtime/,GET,openapi,w_[a_z0_9]_runtime_retrieve,w,,
/api/w/[a-z0-9]/runtime/personas/,GET,openapi,w_[a_z0_9]_runtime_personas_retrieve,w,,
/api/w/[a-z0-9]/runtime/view-as/,POST,openapi,w_[a_z0_9]_runtime_view_as_create,w,,
/api/w/[a-z0-9]/teambuilder/problems/,GET,openapi,w_[a_z0_9]_teambuilder_problems_list,w,,
/api/w/[a-z0-9]/teambuilder/problems/,POST,openapi,w_[a_z0_9]_teambuilder_problems_create,w,,
/api/w/[a-z0-9]/teambuilder/problems/{id}/,DELETE,openapi,w_[a_z0_9]_teambuilder_problems_destroy,w,,
/api/w/[a-z0-9]/teambuilder/problems/{id}/,GET,openapi,w_[a_z0_9]_teambuilder_problems_retrieve,w,,
/api/w/[a-z0-9]/teambuilder/problems/{id}/,PATCH,openapi,w_[a_z0_9]_teambuilder_problems_partial_update,w,,
/api/w/[a-z0-9]/teambuilder/problems/{id}/,PUT,openapi,w_[a_z0_9]_teambuilder_problems_update,w,,
/api/w/[a-z0-9]/teambuilder/sessions/,GET,openapi,w_[a_z0_9]_teambuilder_sessions_list,w,,
/api/w/[a-z0-9]/teambuilder/sessions/,POST,openapi,w_[a_z0_9]_teambuilder_sessions_create,w,,
/api/w/[a-z0-9]/teambuilder/sessions/{id}/,DELETE,openapi,w_[a_z0_9]_teambuilder_sessions_destroy,w,,
/api/w/[a-z0-9]/teambuilder/sessions/{id}/,GET,openapi,w_[a_z0_9]_teambuilder_sessions_retrieve,w,,
/api/w/[a-z0-9]/teambuilder/sessions/{id}/,PATCH,openapi,w_[a_z0_9]_teambuilder_sessions_partial_update,w,,
/api/w/[a-z0-9]/teambuilder/sessions/{id}/,PUT,openapi,w_[a_z0_9]_teambuilder_sessions_update,w,,
/api/w/[a-z0-9]/teambuilder/sessions/{id}/generate/,POST,openapi,w_[a_z0_9]_teambuilder_sessions_generate_create,w,,
/api/w/[a-z0-9]/teambuilder/teams/,GET,openapi,w_[a_z0_9]_teambuilder_teams_list,w,,
/api/w/[a-z0-9]/teambuilder/teams/{id}/,GET,openapi,w_[a_z0_9]_teambuilder_teams_retrieve,w,,
/api/w/[a-z0-9]/v1/ekoh/profile/{uid}/,GET,openapi,w_[a_z0_9]_v1_ekoh_profile_retrieve,w,,
/api/w/[a-z0-9]/v1/smart-vote/cast/,POST,openapi,w_[a_z0_9]_v1_smart_vote_cast_create,w,,
/api/w/[a-z0-9]/v1/smart-vote/readings/ethikos-topic/{topic_id}/,GET,openapi,w_[a_z0_9]_v1_smart_vote_readings_ethikos_topic_retrieve,w,,
